stake_address,epoch,reward_ada,cumulative_ada,pool_id
stake1u9f9v0z5zzlldgx58n8tklphu8mf7h4jvp2j2gddluemnssjfnkzz,331,26401,26401,pool1ases3nklh6gyjf74r7dqm89exjfd520z9cefqru959wcccmrdlk
stake1u9f9v0z5zzlldgx58n8tklphu8mf7h4jvp2j2gddluemnssjfnkzz,332,42299,68700,pool1ases3nklh6gyjf74r7dqm89exjfd520z9cefqru959wcccmrdlk
stake1u9f9v0z5zzlldgx58n8tklphu8mf7h4jvp2j2gddluemnssjfnkzz,333,39418,108118,pool1ases3nklh6gyjf74r7dqm89exjfd520z9cefqru959wcccmrdlk
stake1u9f9v0z5zzlldgx58n8tklphu8mf7h4jvp2j2gddluemnssjfnkzz,334,34023,142141,pool1ases3nklh6gyjf74r7dqm89exjfd520z9cefqru959wcccmrdlk
stake1u9f9v0z5zzlldgx58n8tklphu8mf7h4jvp2j2gddluemnssjfnkzz,335,33030,175171,pool1ases3nklh6gyjf74r7dqm89exjfd520z9cefqru959wcccmrdlk
stake1u9f9v0z5zzlldgx58n8tklphu8mf7h4jvp2j2gddluemnssjfnkzz,336,37981,213152,pool1ases3nklh6gyjf74r7dqm89exjfd520z9cefqru959wcccmrdlk
stake1u9f9v0z5zzlldgx58n8tklphu8mf7h4jvp2j2gddluemnssjfnkzz,337,29151,242303,pool1ases3nklh6gyjf74r7dqm89exjfd520z9cefqru959wcccmrdlk
stake1u9f9v0z5zzlldgx58n8tklphu8mf7h4jvp2j2gddluemnssjfnkzz,338,40636,282939,pool1ases3nklh6gyjf74r7dqm89exjfd520z9cefqru959wcccmrdlk
stake1u9f9v0z5zzlldgx58n8tklphu8mf7h4jvp2j2gddluemnssjfnkzz,339,49387,332326,pool1ases3nklh6gyjf74r7dqm89exjfd520z9cefqru959wcccmrdlk
stake1u9f9v0z5zzlldgx58n8tklphu8mf7h4jvp2j2gddluemnssjfnkzz,340,33730,366056,pool1ases3nklh6gyjf74r7dqm89exjfd520z9cefqru959wcccmrdlk
stake1u9f9v0z5zzlldgx58n8tklphu8mf7h4jvp2j2gddluemnssjfnkzz,341,33788,399844,pool1ases3nklh6gyjf74r7dqm89exjfd520z9cefqru959wcccmrdlk
stake1u9f9v0z5zzlldgx58n8tklphu8mf7h4jvp2j2gddluemnssjfnkzz,342,38841,438685,pool1ases3nklh6gyjf74r7dqm89exjfd520z9cefqru959wcccmrdlk
stake1u9f9v0z5zzlldgx58n8tklphu8mf7h4jvp2j2gddluemnssjfnkzz,343,34956,473641,pool1ases3nklh6gyjf74r7dqm89exjfd520z9cefqru959wcccmrdlk
stake1u9f9v0z5zzlldgx58n8tklphu8mf7h4jvp2j2gddluemnssjfnkzz,344,26975,500616,pool1ases3nklh6gyjf74r7dqm89exjfd520z9cefqru959wcccmrdlk
stake1u9f9v0z5zzlldgx58n8tklphu8mf7h4jvp2j2gddluemnssjfnkzz,345,40282,540898,pool1ases3nklh6gyjf74r7dqm89exjfd520z9cefqru959wcccmrdlk
stake1u9f9v0z5zzlldgx58n8tklphu8mf7h4jvp2j2gddluemnssjfnkzz,346,21752,562650,pool1ases3nklh6gyjf74r7dqm89exjfd520z9cefqru959wcccmrdlk
stake1u9f9v0z5zzlldgx58n8tklphu8mf7h4jvp2j2gddluemnssjfnkzz,347,33549,596199,pool1ases3nklh6gyjf74r7dqm89exjfd520z9cefqru959wcccmrdlk
stake1u9f9v0z5zzlldgx58n8tklphu8mf7h4jvp2j2gddluemnssjfnkzz,348,27154,623353,pool1ases3nklh6gyjf74r7dqm89exjfd520z9cefqru959wcccmrdlk
stake1u9f9v0z5zzlldgx58n8tklphu8mf7h4jvp2j2gddluemnssjfnkzz,349,25353,648706,pool1ases3nklh6gyjf74r7dqm89exjfd520z9cefqru959wcccmrdlk
stake1u9f9v0z5zzlldgx58n8tklphu8mf7h4jvp2j2gddluemnssjfnkzz,350,32791,681497,pool1ases3nklh6gyjf74r7dqm89exjfd520z9cefqru959wcccmrdlk
stake1u9f9v0z5zzlldgx58n8tklphu8mf7h4jvp2j2gddluemnssjfnkzz,351,24578,706075,pool1ases3nklh6gyjf74r7dqm89exjfd520z9cefqru959wcccmrdlk
stake1u9f9v0z5zzlldgx58n8tklphu8mf7h4jvp2j2gddluemnssjfnkzz,352,23125,729200,pool1ases3nklh6gyjf74r7dqm89exjfd520z9cefqru959wcccmrdlk
stake1u9f9v0z5zzlldgx58n8tklphu8mf7h4jvp2j2gddluemnssjfnkzz,353,16326,745526,pool1ases3nklh6gyjf74r7dqm89exjfd520z9cefqru959wcccmrdlk
stake1u9f9v0z5zzlldgx58n8tklphu8mf7h4jvp2j2gddluemnssjfnkzz,354,26577,772103,pool1ases3nklh6gyjf74r7dqm89exjfd520z9cefqru959wcccmrdlk
stake1u9f9v0z5zzlldgx58n8tklphu8mf7h4jvp2j2gddluemnssjfnkzz,355,22507,794610,pool1ases3nklh6gyjf74r7dqm89exjfd520z9cefqru959wcccmrdlk
stake1u9f9v0z5zzlldgx58n8tklphu8mf7h4jvp2j2gddluemnssjfnkzz,356,25128,819738,pool1ases3nklh6gyjf74r7dqm89exjfd520z9cefqru959wcccmrdlk
stake1u9f9v0z5zzlldgx58n8tklphu8mf7h4jvp2j2gddluemnssjfnkzz,357,27148,846886,pool1ases3nklh6gyjf74r7dqm89exjfd520z9cefqru959wcccmrdlk
stake1u9f9v0z5zzlldgx58n8tklphu8mf7h4jvp2j2gddluemnssjfnkzz,358,23071,869957,pool1ases3nklh6gyjf74r7dqm89exjfd520z9cefqru959wcccmrdlk
stake1u9f9v0z5zzlldgx58n8tklphu8mf7h4jvp2j2gddluemnssjfnkzz,359,25098,895055,pool1ases3nklh6gyjf74r7dqm89exjfd520z9cefqru959wcccmrdlk
stake1u9f9v0z5zzlldgx58n8tklphu8mf7h4jvp2j2gddluemnssjfnkzz,360,29765,924820,pool1ases3nklh6gyjf74r7dqm89exjfd520z9cefqru959wcccmrdlk
stake1u9f9v0z5zzlldgx58n8tklphu8mf7h4jvp2j2gddluemnssjfnkzz,361,24372,949192,pool1ases3nklh6gyjf74r7dqm89exjfd520z9cefqru959wcccmrdlk
stake1u9f9v0z5zzlldgx58n8tklphu8mf7h4jvp2j2gddluemnssjfnkzz,362,31029,980221,pool1ases3nklh6gyjf74r7dqm89exjfd520z9cefqru959wcccmrdlk
stake1u9f9v0z5zzlldgx58n8tklphu8mf7h4jvp2j2gddluemnssjfnkzz,363,24289,1004510,pool1ases3nklh6gyjf74r7dqm89exjfd520z9cefqru959wcccmrdlk
stake1u9f9v0z5zzlldgx58n8tklphu8mf7h4jvp2j2gddluemnssjfnkzz,364,28582,1033092,pool1ases3nklh6gyjf74r7dqm89exjfd520z9cefqru959wcccmrdlk
stake1u9f9v0z5zzlldgx58n8tklphu8mf7h4jvp2j2gddluemnssjfnkzz,365,27827,1060919,pool1ases3nklh6gyjf74r7dqm89exjfd520z9cefqru959wcccmrdlk
stake1u9f9v0z5zzlldgx58n8tklphu8mf7h4jvp2j2gddluemnssjfnkzz,366,24296,1085215,pool1ases3nklh6gyjf74r7dqm89exjfd520z9cefqru959wcccmrdlk
stake1u9f9v0z5zzlldgx58n8tklphu8mf7h4jvp2j2gddluemnssjfnkzz,367,22939,1108154,pool1ases3nklh6gyjf74r7dqm89exjfd520z9cefqru959wcccmrdlk
stake1u9f9v0z5zzlldgx58n8tklphu8mf7h4jvp2j2gddluemnssjfnkzz,368,26249,1134403,pool1ases3nklh6gyjf74r7dqm89exjfd520z9cefqru959wcccmrdlk
stake1u9f9v0z5zzlldgx58n8tklphu8mf7h4jvp2j2gddluemnssjfnkzz,369,22923,1157326,pool1ases3nklh6gyjf74r7dqm89exjfd520z9cefqru959wcccmrdlk
stake1u9f9v0z5zzlldgx58n8tklphu8mf7h4jvp2j2gddluemnssjfnkzz,370,28284,1185610,pool1ases3nklh6gyjf74r7dqm89exjfd520z9cefqru959wcccmrdlk
stake1u9f9v0z5zzlldgx58n8tklphu8mf7h4jvp2j2gddluemnssjfnkzz,371,26134,1211744,pool1ases3nklh6gyjf74r7dqm89exjfd520z9cefqru959wcccmrdlk
stake1u9f9v0z5zzlldgx58n8tklphu8mf7h4jvp2j2gddluemnssjfnkzz,372,31345,1243089,pool1ases3nklh6gyjf74r7dqm89exjfd520z9cefqru959wcccmrdlk
stake1u9f9v0z5zzlldgx58n8tklphu8mf7h4jvp2j2gddluemnssjfnkzz,373,23946,1267035,pool1ases3nklh6gyjf74r7dqm89exjfd520z9cefqru959wcccmrdlk
stake1u9f9v0z5zzlldgx58n8tklphu8mf7h4jvp2j2gddluemnssjfnkzz,374,26482,1293517,pool1ases3nklh6gyjf74r7dqm89exjfd520z9cefqru959wcccmrdlk
stake1u9f9v0z5zzlldgx58n8tklphu8mf7h4jvp2j2gddluemnssjfnkzz,375,28462,1321979,pool1ases3nklh6gyjf74r7dqm89exjfd520z9cefqru959wcccmrdlk
stake1u9f9v0z5zzlldgx58n8tklphu8mf7h4jvp2j2gddluemnssjfnkzz,376,23835,1345814,pool1ases3nklh6gyjf74r7dqm89exjfd520z9cefqru959wcccmrdlk
stake1u9f9v0z5zzlldgx58n8tklphu8mf7h4jvp2j2gddluemnssjfnkzz,377,27073,1372887,pool1ases3nklh6gyjf74r7dqm89exjfd520z9cefqru959wcccmrdlk
stake1u9f9v0z5zzlldgx58n8tklphu8mf7h4jvp2j2gddluemnssjfnkzz,378,26241,1399128,pool1ases3nklh6gyjf74r7dqm89exjfd520z9cefqru959wcccmrdlk
stake1u9f9v0z5zzlldgx58n8tklphu8mf7h4jvp2j2gddluemnssjfnkzz,379,25499,1424627,pool1ases3nklh6gyjf74r7dqm89exjfd520z9cefqru959wcccmrdlk
stake1u9f9v0z5zzlldgx58n8tklphu8mf7h4jvp2j2gddluemnssjfnkzz,380,25446,1450073,pool1ases3nklh6gyjf74r7dqm89exjfd520z9cefqru959wcccmrdlk
stake1u9f9v0z5zzlldgx58n8tklphu8mf7h4jvp2j2gddluemnssjfnkzz,381,20214,1470287,pool1ases3nklh6gyjf74r7dqm89exjfd520z9cefqru959wcccmrdlk
stake1u9f9v0z5zzlldgx58n8tklphu8mf7h4jvp2j2gddluemnssjfnkzz,382,17533,1487820,pool1ases3nklh6gyjf74r7dqm89exjfd520z9cefqru959wcccmrdlk
stake1u9f9v0z5zzlldgx58n8tklphu8mf7h4jvp2j2gddluemnssjfnkzz,384,24173,1511993,pool1ases3nklh6gyjf74r7dqm89exjfd520z9cefqru959wcccmrdlk
stake1u9f9v0z5zzlldgx58n8tklphu8mf7h4jvp2j2gddluemnssjfnkzz,385,23486,1535479,pool1ases3nklh6gyjf74r7dqm89exjfd520z9cefqru959wcccmrdlk
stake1u9f9v0z5zzlldgx58n8tklphu8mf7h4jvp2j2gddluemnssjfnkzz,386,23797,1559276,pool1ases3nklh6gyjf74r7dqm89exjfd520z9cefqru959wcccmrdlk
stake1u9f9v0z5zzlldgx58n8tklphu8mf7h4jvp2j2gddluemnssjfnkzz,387,17474,1576750,pool1ases3nklh6gyjf74r7dqm89exjfd520z9cefqru959wcccmrdlk
stake1u9f9v0z5zzlldgx58n8tklphu8mf7h4jvp2j2gddluemnssjfnkzz,388,21310,1598060,pool1ases3nklh6gyjf74r7dqm89exjfd520z9cefqru959wcccmrdlk
stake1u9f9v0z5zzlldgx58n8tklphu8mf7h4jvp2j2gddluemnssjfnkzz,389,23237,1621297,pool1ases3nklh6gyjf74r7dqm89exjfd520z9cefqru959wcccmrdlk
stake1u9f9v0z5zzlldgx58n8tklphu8mf7h4jvp2j2gddluemnssjfnkzz,390,24491,1645788,pool1ases3nklh6gyjf74r7dqm89exjfd520z9cefqru959wcccmrdlk
stake1u9f9v0z5zzlldgx58n8tklphu8mf7h4jvp2j2gddluemnssjfnkzz,391,20606,1666394,pool1ases3nklh6gyjf74r7dqm89exjfd520z9cefqru959wcccmrdlk
stake1u9f9v0z5zzlldgx58n8tklphu8mf7h4jvp2j2gddluemnssjfnkzz,392,17315,1683709,pool1ases3nklh6gyjf74r7dqm89exjfd520z9cefqru959wcccmrdlk
stake1u9f9v0z5zzlldgx58n8tklphu8mf7h4jvp2j2gddluemnssjfnkzz,393,26182,1709891,pool1ases3nklh6gyjf74r7dqm89exjfd520z9cefqru959wcccmrdlk
stake1u9f9v0z5zzlldgx58n8tklphu8mf7h4jvp2j2gddluemnssjfnkzz,394,22434,1732325,pool1ases3nklh6gyjf74r7dqm89exjfd520z9cefqru959wcccmrdlk
stake1u9f9v0z5zzlldgx58n8tklphu8mf7h4jvp2j2gddluemnssjfnkzz,395,21586,1753911,pool1ases3nklh6gyjf74r7dqm89exjfd520z9cefqru959wcccmrdlk
stake1u9f9v0z5zzlldgx58n8tklphu8mf7h4jvp2j2gddluemnssjfnkzz,396,22930,1776841,pool1ases3nklh6gyjf74r7dqm89exjfd520z9cefqru959wcccmrdlk
stake1u9f9v0z5zzlldgx58n8tklphu8mf7h4jvp2j2gddluemnssjfnkzz,397,33088,1809929,pool1ases3nklh6gyjf74r7dqm89exjfd520z9cefqru959wcccmrdlk
stake1u9f9v0z5zzlldgx58n8tklphu8mf7h4jvp2j2gddluemnssjfnkzz,398,31184,1841113,pool1ases3nklh6gyjf74r7dqm89exjfd520z9cefqru959wcccmrdlk
stake1u9f9v0z5zzlldgx58n8tklphu8mf7h4jvp2j2gddluemnssjfnkzz,399,29104,1870217,pool1ases3nklh6gyjf74r7dqm89exjfd520z9cefqru959wcccmrdlk
stake1u9f9v0z5zzlldgx58n8tklphu8mf7h4jvp2j2gddluemnssjfnkzz,400,25035,1895252,pool1ases3nklh6gyjf74r7dqm89exjfd520z9cefqru959wcccmrdlk
stake1u9f9v0z5zzlldgx58n8tklphu8mf7h4jvp2j2gddluemnssjfnkzz,401,37467,1932719,pool1ases3nklh6gyjf74r7dqm89exjfd520z9cefqru959wcccmrdlk
stake1u9f9v0z5zzlldgx58n8tklphu8mf7h4jvp2j2gddluemnssjfnkzz,402,46138,1978857,pool1ases3nklh6gyjf74r7dqm89exjfd520z9cefqru959wcccmrdlk
stake1u9f9v0z5zzlldgx58n8tklphu8mf7h4jvp2j2gddluemnssjfnkzz,403,38466,2017323,pool1ases3nklh6gyjf74r7dqm89exjfd520z9cefqru959wcccmrdlk
stake1u9f9v0z5zzlldgx58n8tklphu8mf7h4jvp2j2gddluemnssjfnkzz,404,36202,2053525,pool1ases3nklh6gyjf74r7dqm89exjfd520z9cefqru959wcccmrdlk
stake1u9f9v0z5zzlldgx58n8tklphu8mf7h4jvp2j2gddluemnssjfnkzz,405,35448,2088973,pool1ases3nklh6gyjf74r7dqm89exjfd520z9cefqru959wcccmrdlk
stake1u9f9v0z5zzlldgx58n8tklphu8mf7h4jvp2j2gddluemnssjfnkzz,406,41697,2130670,pool1ases3nklh6gyjf74r7dqm89exjfd520z9cefqru959wcccmrdlk
stake1u9f9v0z5zzlldgx58n8tklphu8mf7h4jvp2j2gddluemnssjfnkzz,407,39579,2170249,pool1ases3nklh6gyjf74r7dqm89exjfd520z9cefqru959wcccmrdlk
stake1u9f9v0z5zzlldgx58n8tklphu8mf7h4jvp2j2gddluemnssjfnkzz,408,35740,2205989,pool1ases3nklh6gyjf74r7dqm89exjfd520z9cefqru959wcccmrdlk
stake1u9f9v0z5zzlldgx58n8tklphu8mf7h4jvp2j2gddluemnssjfnkzz,409,41058,2247047,pool1ases3nklh6gyjf74r7dqm89exjfd520z9cefqru959wcccmrdlk
stake1u9f9v0z5zzlldgx58n8tklphu8mf7h4jvp2j2gddluemnssjfnkzz,410,45866,2292913,pool1ases3nklh6gyjf74r7dqm89exjfd520z9cefqru959wcccmrdlk
stake1u9f9v0z5zzlldgx58n8tklphu8mf7h4jvp2j2gddluemnssjfnkzz,411,39932,2332845,pool1ases3nklh6gyjf74r7dqm89exjfd520z9cefqru959wcccmrdlk
stake1u9f9v0z5zzlldgx58n8tklphu8mf7h4jvp2j2gddluemnssjfnkzz,412,36138,2368983,pool1ases3nklh6gyjf74r7dqm89exjfd520z9cefqru959wcccmrdlk
stake1u9f9v0z5zzlldgx58n8tklphu8mf7h4jvp2j2gddluemnssjfnkzz,413,44135,2413118,pool1ases3nklh6gyjf74r7dqm89exjfd520z9cefqru959wcccmrdlk
stake1u9f9v0z5zzlldgx58n8tklphu8mf7h4jvp2j2gddluemnssjfnkzz,414,42249,2455367,pool1ases3nklh6gyjf74r7dqm89exjfd520z9cefqru959wcccmrdlk
stake1u9f9v0z5zzlldgx58n8tklphu8mf7h4jvp2j2gddluemnssjfnkzz,415,31331,2486698,pool1ases3nklh6gyjf74r7dqm89exjfd520z9cefqru959wcccmrdlk
stake1u9f9v0z5zzlldgx58n8tklphu8mf7h4jvp2j2gddluemnssjfnkzz,416,30863,2517561,pool1ases3nklh6gyjf74r7dqm89exjfd520z9cefqru959wcccmrdlk
stake1u9f9v0z5zzlldgx58n8tklphu8mf7h4jvp2j2gddluemnssjfnkzz,417,50016,2567577,pool1ases3nklh6gyjf74r7dqm89exjfd520z9cefqru959wcccmrdlk
stake1u9f9v0z5zzlldgx58n8tklphu8mf7h4jvp2j2gddluemnssjfnkzz,418,35932,2603509,pool1ases3nklh6gyjf74r7dqm89exjfd520z9cefqru959wcccmrdlk
stake1u9f9v0z5zzlldgx58n8tklphu8mf7h4jvp2j2gddluemnssjfnkzz,419,43560,2647069,pool1ases3nklh6gyjf74r7dqm89exjfd520z9cefqru959wcccmrdlk
stake1u9f9v0z5zzlldgx58n8tklphu8mf7h4jvp2j2gddluemnssjfnkzz,420,35920,2682989,pool1ases3nklh6gyjf74r7dqm89exjfd520z9cefqru959wcccmrdlk
stake1u9f9v0z5zzlldgx58n8tklphu8mf7h4jvp2j2gddluemnssjfnkzz,421,40406,2723395,pool1ases3nklh6gyjf74r7dqm89exjfd520z9cefqru959wcccmrdlk
stake1u9f9v0z5zzlldgx58n8tklphu8mf7h4jvp2j2gddluemnssjfnkzz,422,35169,2758564,pool1ases3nklh6gyjf74r7dqm89exjfd520z9cefqru959wcccmrdlk
stake1u9f9v0z5zzlldgx58n8tklphu8mf7h4jvp2j2gddluemnssjfnkzz,423,41025,2799589,pool1ases3nklh6gyjf74r7dqm89exjfd520z9cefqru959wcccmrdlk
stake1u9f9v0z5zzlldgx58n8tklphu8mf7h4jvp2j2gddluemnssjfnkzz,424,40651,2840240,pool1ases3nklh6gyjf74r7dqm89exjfd520z9cefqru959wcccmrdlk
stake1u9f9v0z5zzlldgx58n8tklphu8mf7h4jvp2j2gddluemnssjfnkzz,425,37952,2878192,pool1ases3nklh6gyjf74r7dqm89exjfd520z9cefqru959wcccmrdlk
stake1u9f9v0z5zzlldgx58n8tklphu8mf7h4jvp2j2gddluemnssjfnkzz,426,36254,2914446,pool1ases3nklh6gyjf74r7dqm89exjfd520z9cefqru959wcccmrdlk
stake1u9f9v0z5zzlldgx58n8tklphu8mf7h4jvp2j2gddluemnssjfnkzz,427,26153,2940599,pool1ases3nklh6gyjf74r7dqm89exjfd520z9cefqru959wcccmrdlk
stake1u9f9v0z5zzlldgx58n8tklphu8mf7h4jvp2j2gddluemnssjfnkzz,428,28398,2968997,pool1ases3nklh6gyjf74r7dqm89exjfd520z9cefqru959wcccmrdlk
stake1u9f9v0z5zzlldgx58n8tklphu8mf7h4jvp2j2gddluemnssjfnkzz,429,31568,3000565,pool1ases3nklh6gyjf74r7dqm89exjfd520z9cefqru959wcccmrdlk
stake1u9f9v0z5zzlldgx58n8tklphu8mf7h4jvp2j2gddluemnssjfnkzz,430,25892,3026457,pool1ases3nklh6gyjf74r7dqm89exjfd520z9cefqru959wcccmrdlk
stake1u9f9v0z5zzlldgx58n8tklphu8mf7h4jvp2j2gddluemnssjfnkzz,431,33167,3059624,pool1ases3nklh6gyjf74r7dqm89exjfd520z9cefqru959wcccmrdlk
stake1u9f9v0z5zzlldgx58n8tklphu8mf7h4jvp2j2gddluemnssjfnkzz,432,29772,3089396,pool1ases3nklh6gyjf74r7dqm89exjfd520z9cefqru959wcccmrdlk
stake1u9f9v0z5zzlldgx58n8tklphu8mf7h4jvp2j2gddluemnssjfnkzz,433,35920,3125316,pool1ases3nklh6gyjf74r7dqm89exjfd520z9cefqru959wcccmrdlk
stake1u9f9v0z5zzlldgx58n8tklphu8mf7h4jvp2j2gddluemnssjfnkzz,434,27590,3152906,pool1ases3nklh6gyjf74r7dqm89exjfd520z9cefqru959wcccmrdlk
stake1u9f9v0z5zzlldgx58n8tklphu8mf7h4jvp2j2gddluemnssjfnkzz,435,26156,3179062,pool1ases3nklh6gyjf74r7dqm89exjfd520z9cefqru959wcccmrdlk
stake1u9f9v0z5zzlldgx58n8tklphu8mf7h4jvp2j2gddluemnssjfnkzz,436,29812,3208874,pool1ases3nklh6gyjf74r7dqm89exjfd520z9cefqru959wcccmrdlk
stake1u9f9v0z5zzlldgx58n8tklphu8mf7h4jvp2j2gddluemnssjfnkzz,437,25894,3234768,pool1ases3nklh6gyjf74r7dqm89exjfd520z9cefqru959wcccmrdlk
stake1u9f9v0z5zzlldgx58n8tklphu8mf7h4jvp2j2gddluemnssjfnkzz,438,35274,3270042,pool1ases3nklh6gyjf74r7dqm89exjfd520z9cefqru959wcccmrdlk
stake1u9f9v0z5zzlldgx58n8tklphu8mf7h4jvp2j2gddluemnssjfnkzz,439,27556,3297598,pool1ases3nklh6gyjf74r7dqm89exjfd520z9cefqru959wcccmrdlk
stake1u9f9v0z5zzlldgx58n8tklphu8mf7h4jvp2j2gddluemnssjfnkzz,440,27629,3325227,pool1ases3nklh6gyjf74r7dqm89exjfd520z9cefqru959wcccmrdlk
stake1u9f9v0z5zzlldgx58n8tklphu8mf7h4jvp2j2gddluemnssjfnkzz,441,31415,3356642,pool1ases3nklh6gyjf74r7dqm89exjfd520z9cefqru959wcccmrdlk
stake1u9f9v0z5zzlldgx58n8tklphu8mf7h4jvp2j2gddluemnssjfnkzz,442,28711,3385353,pool1ases3nklh6gyjf74r7dqm89exjfd520z9cefqru959wcccmrdlk
stake1u9f9v0z5zzlldgx58n8tklphu8mf7h4jvp2j2gddluemnssjfnkzz,443,30873,3416226,pool1ases3nklh6gyjf74r7dqm89exjfd520z9cefqru959wcccmrdlk
stake1u9f9v0z5zzlldgx58n8tklphu8mf7h4jvp2j2gddluemnssjfnkzz,444,28041,3444267,pool1ases3nklh6gyjf74r7dqm89exjfd520z9cefqru959wcccmrdlk
stake1u9f9v0z5zzlldgx58n8tklphu8mf7h4jvp2j2gddluemnssjfnkzz,445,27397,3471664,pool1ases3nklh6gyjf74r7dqm89exjfd520z9cefqru959wcccmrdlk
stake1u9f9v0z5zzlldgx58n8tklphu8mf7h4jvp2j2gddluemnssjfnkzz,446,30533,3502197,pool1ases3nklh6gyjf74r7dqm89exjfd520z9cefqru959wcccmrdlk
stake1u9f9v0z5zzlldgx58n8tklphu8mf7h4jvp2j2gddluemnssjfnkzz,447,0,3502197,pool1ases3nklh6gyjf74r7dqm89exjfd520z9cefqru959wcccmrdlk
stake1u9f9v0z5zzlldgx58n8tklphu8mf7h4jvp2j2gddluemnssjfnkzz,448,0,3502197,pool1ases3nklh6gyjf74r7dqm89exjfd520z9cefqru959wcccmrdlk
stake1u9f9v0z5zzlldgx58n8tklphu8mf7h4jvp2j2gddluemnssjfnkzz,449,15820,3518017,pool1ases3nklh6gyjf74r7dqm89exjfd520z9cefqru959wcccmrdlk
stake1u9f9v0z5zzlldgx58n8tklphu8mf7h4jvp2j2gddluemnssjfnkzz,450,23925,3541942,pool1ases3nklh6gyjf74r7dqm89exjfd520z9cefqru959wcccmrdlk
stake1u9f9v0z5zzlldgx58n8tklphu8mf7h4jvp2j2gddluemnssjfnkzz,451,17677,3559619,pool1ases3nklh6gyjf74r7dqm89exjfd520z9cefqru959wcccmrdlk
stake1u9f9v0z5zzlldgx58n8tklphu8mf7h4jvp2j2gddluemnssjfnkzz,452,12608,3572227,pool1ases3nklh6gyjf74r7dqm89exjfd520z9cefqru959wcccmrdlk
stake1u9f9v0z5zzlldgx58n8tklphu8mf7h4jvp2j2gddluemnssjfnkzz,453,12085,3584312,pool1ases3nklh6gyjf74r7dqm89exjfd520z9cefqru959wcccmrdlk
stake1u9f9v0z5zzlldgx58n8tklphu8mf7h4jvp2j2gddluemnssjfnkzz,456,5932,3590244,pool1ases3nklh6gyjf74r7dqm89exjfd520z9cefqru959wcccmrdlk
stake1u9f9v0z5zzlldgx58n8tklphu8mf7h4jvp2j2gddluemnssjfnkzz,457,17293,3607537,pool1ases3nklh6gyjf74r7dqm89exjfd520z9cefqru959wcccmrdlk
stake1u9f9v0z5zzlldgx58n8tklphu8mf7h4jvp2j2gddluemnssjfnkzz,458,17232,3624769,pool1ases3nklh6gyjf74r7dqm89exjfd520z9cefqru959wcccmrdlk
stake1u9f9v0z5zzlldgx58n8tklphu8mf7h4jvp2j2gddluemnssjfnkzz,459,23089,3647858,pool1ases3nklh6gyjf74r7dqm89exjfd520z9cefqru959wcccmrdlk
stake1u9f9v0z5zzlldgx58n8tklphu8mf7h4jvp2j2gddluemnssjfnkzz,460,13276,3661134,pool1ases3nklh6gyjf74r7dqm89exjfd520z9cefqru959wcccmrdlk
stake1u9f9v0z5zzlldgx58n8tklphu8mf7h4jvp2j2gddluemnssjfnkzz,461,20568,3681702,pool1ases3nklh6gyjf74r7dqm89exjfd520z9cefqru959wcccmrdlk
stake1u9f9v0z5zzlldgx58n8tklphu8mf7h4jvp2j2gddluemnssjfnkzz,462,21518,3703220,pool1ases3nklh6gyjf74r7dqm89exjfd520z9cefqru959wcccmrdlk
stake1u9f9v0z5zzlldgx58n8tklphu8mf7h4jvp2j2gddluemnssjfnkzz,463,16047,3719267,pool1ases3nklh6gyjf74r7dqm89exjfd520z9cefqru959wcccmrdlk
stake1u9f9v0z5zzlldgx58n8tklphu8mf7h4jvp2j2gddluemnssjfnkzz,464,16527,3735794,pool1ases3nklh6gyjf74r7dqm89exjfd520z9cefqru959wcccmrdlk
stake1u9f9v0z5zzlldgx58n8tklphu8mf7h4jvp2j2gddluemnssjfnkzz,465,21816,3757610,pool1ases3nklh6gyjf74r7dqm89exjfd520z9cefqru959wcccmrdlk
stake1u9f9v0z5zzlldgx58n8tklphu8mf7h4jvp2j2gddluemnssjfnkzz,466,19325,3776935,pool1ases3nklh6gyjf74r7dqm89exjfd520z9cefqru959wcccmrdlk
stake1u9f9v0z5zzlldgx58n8tklphu8mf7h4jvp2j2gddluemnssjfnkzz,467,20802,3797737,pool1ases3nklh6gyjf74r7dqm89exjfd520z9cefqru959wcccmrdlk
stake1u9f9v0z5zzlldgx58n8tklphu8mf7h4jvp2j2gddluemnssjfnkzz,468,18342,3816079,pool1ases3nklh6gyjf74r7dqm89exjfd520z9cefqru959wcccmrdlk
stake1u9f9v0z5zzlldgx58n8tklphu8mf7h4jvp2j2gddluemnssjfnkzz,469,15836,3831915,pool1ases3nklh6gyjf74r7dqm89exjfd520z9cefqru959wcccmrdlk
stake1u9f9v0z5zzlldgx58n8tklphu8mf7h4jvp2j2gddluemnssjfnkzz,470,10551,3842466,pool1ases3nklh6gyjf74r7dqm89exjfd520z9cefqru959wcccmrdlk
stake1u9f9v0z5zzlldgx58n8tklphu8mf7h4jvp2j2gddluemnssjfnkzz,471,13877,3856343,pool1ases3nklh6gyjf74r7dqm89exjfd520z9cefqru959wcccmrdlk
stake1u9f9v0z5zzlldgx58n8tklphu8mf7h4jvp2j2gddluemnssjfnkzz,472,18550,3874893,pool1ases3nklh6gyjf74r7dqm89exjfd520z9cefqru959wcccmrdlk
stake1u9f9v0z5zzlldgx58n8tklphu8mf7h4jvp2j2gddluemnssjfnkzz,473,19905,3894798,pool1ases3nklh6gyjf74r7dqm89exjfd520z9cefqru959wcccmrdlk
stake1u9f9v0z5zzlldgx58n8tklphu8mf7h4jvp2j2gddluemnssjfnkzz,474,20779,3915577,pool1ases3nklh6gyjf74r7dqm89exjfd520z9cefqru959wcccmrdlk
stake1u9f9v0z5zzlldgx58n8tklphu8mf7h4jvp2j2gddluemnssjfnkzz,475,18857,3934434,pool1ases3nklh6gyjf74r7dqm89exjfd520z9cefqru959wcccmrdlk
stake1u9f9v0z5zzlldgx58n8tklphu8mf7h4jvp2j2gddluemnssjfnkzz,476,20222,3954656,pool1ases3nklh6gyjf74r7dqm89exjfd520z9cefqru959wcccmrdlk
stake1u9f9v0z5zzlldgx58n8tklphu8mf7h4jvp2j2gddluemnssjfnkzz,477,13118,3967774,pool1ases3nklh6gyjf74r7dqm89exjfd520z9cefqru959wcccmrdlk
stake1u9f9v0z5zzlldgx58n8tklphu8mf7h4jvp2j2gddluemnssjfnkzz,478,21518,3989292,pool1ases3nklh6gyjf74r7dqm89exjfd520z9cefqru959wcccmrdlk
stake1u9f9v0z5zzlldgx58n8tklphu8mf7h4jvp2j2gddluemnssjfnkzz,479,19189,4008481,pool1ases3nklh6gyjf74r7dqm89exjfd520z9cefqru959wcccmrdlk
stake1u9f9v0z5zzlldgx58n8tklphu8mf7h4jvp2j2gddluemnssjfnkzz,480,21005,4029486,pool1ases3nklh6gyjf74r7dqm89exjfd520z9cefqru959wcccmrdlk
stake1u9f9v0z5zzlldgx58n8tklphu8mf7h4jvp2j2gddluemnssjfnkzz,481,17685,4047171,pool1ases3nklh6gyjf74r7dqm89exjfd520z9cefqru959wcccmrdlk
stake1u9f9v0z5zzlldgx58n8tklphu8mf7h4jvp2j2gddluemnssjfnkzz,482,16717,4063888,pool1ases3nklh6gyjf74r7dqm89exjfd520z9cefqru959wcccmrdlk
stake1u9f9v0z5zzlldgx58n8tklphu8mf7h4jvp2j2gddluemnssjfnkzz,483,16688,4080576,pool1ases3nklh6gyjf74r7dqm89exjfd520z9cefqru959wcccmrdlk
stake1u9f9v0z5zzlldgx58n8tklphu8mf7h4jvp2j2gddluemnssjfnkzz,484,16206,4096782,pool1ases3nklh6gyjf74r7dqm89exjfd520z9cefqru959wcccmrdlk
stake1u9f9v0z5zzlldgx58n8tklphu8mf7h4jvp2j2gddluemnssjfnkzz,485,18032,4114814,pool1ases3nklh6gyjf74r7dqm89exjfd520z9cefqru959wcccmrdlk
stake1u9f9v0z5zzlldgx58n8tklphu8mf7h4jvp2j2gddluemnssjfnkzz,486,13854,4128668,pool1ases3nklh6gyjf74r7dqm89exjfd520z9cefqru959wcccmrdlk
stake1u9f9v0z5zzlldgx58n8tklphu8mf7h4jvp2j2gddluemnssjfnkzz,487,17040,4145708,pool1ases3nklh6gyjf74r7dqm89exjfd520z9cefqru959wcccmrdlk
stake1u9f9v0z5zzlldgx58n8tklphu8mf7h4jvp2j2gddluemnssjfnkzz,488,17434,4163142,pool1ases3nklh6gyjf74r7dqm89exjfd520z9cefqru959wcccmrdlk
stake1u9f9v0z5zzlldgx58n8tklphu8mf7h4jvp2j2gddluemnssjfnkzz,489,16045,4179187,pool1ases3nklh6gyjf74r7dqm89exjfd520z9cefqru959wcccmrdlk
stake1u9f9v0z5zzlldgx58n8tklphu8mf7h4jvp2j2gddluemnssjfnkzz,490,16970,4196157,pool1ases3nklh6gyjf74r7dqm89exjfd520z9cefqru959wcccmrdlk
stake1u9f9v0z5zzlldgx58n8tklphu8mf7h4jvp2j2gddluemnssjfnkzz,491,16024,4212181,pool1ases3nklh6gyjf74r7dqm89exjfd520z9cefqru959wcccmrdlk
stake1u9f9v0z5zzlldgx58n8tklphu8mf7h4jvp2j2gddluemnssjfnkzz,492,17342,4229523,pool1ases3nklh6gyjf74r7dqm89exjfd520z9cefqru959wcccmrdlk
stake1u9f9v0z5zzlldgx58n8tklphu8mf7h4jvp2j2gddluemnssjfnkzz,493,15951,4245474,pool1ases3nklh6gyjf74r7dqm89exjfd520z9cefqru959wcccmrdlk
stake1u9f9v0z5zzlldgx58n8tklphu8mf7h4jvp2j2gddluemnssjfnkzz,494,19482,4264956,pool1ases3nklh6gyjf74r7dqm89exjfd520z9cefqru959wcccmrdlk
stake1u9f9v0z5zzlldgx58n8tklphu8mf7h4jvp2j2gddluemnssjfnkzz,495,12628,4277584,pool1ases3nklh6gyjf74r7dqm89exjfd520z9cefqru959wcccmrdlk
stake1u9f9v0z5zzlldgx58n8tklphu8mf7h4jvp2j2gddluemnssjfnkzz,496,14854,4292438,pool1ases3nklh6gyjf74r7dqm89exjfd520z9cefqru959wcccmrdlk
stake1u9f9v0z5zzlldgx58n8tklphu8mf7h4jvp2j2gddluemnssjfnkzz,497,16180,4308618,pool1ases3nklh6gyjf74r7dqm89exjfd520z9cefqru959wcccmrdlk
stake1u9f9v0z5zzlldgx58n8tklphu8mf7h4jvp2j2gddluemnssjfnkzz,498,25454,4334072,pool1ases3nklh6gyjf74r7dqm89exjfd520z9cefqru959wcccmrdlk
stake1u9f9v0z5zzlldgx58n8tklphu8mf7h4jvp2j2gddluemnssjfnkzz,499,17089,4351161,pool1ases3nklh6gyjf74r7dqm89exjfd520z9cefqru959wcccmrdlk
stake1u9f9v0z5zzlldgx58n8tklphu8mf7h4jvp2j2gddluemnssjfnkzz,500,15689,4366850,pool1ases3nklh6gyjf74r7dqm89exjfd520z9cefqru959wcccmrdlk
stake1u9f9v0z5zzlldgx58n8tklphu8mf7h4jvp2j2gddluemnssjfnkzz,501,17841,4384691,pool1ases3nklh6gyjf74r7dqm89exjfd520z9cefqru959wcccmrdlk
stake1u9f9v0z5zzlldgx58n8tklphu8mf7h4jvp2j2gddluemnssjfnkzz,502,20075,4404766,pool1ases3nklh6gyjf74r7dqm89exjfd520z9cefqru959wcccmrdlk
stake1u9f9v0z5zzlldgx58n8tklphu8mf7h4jvp2j2gddluemnssjfnkzz,503,15513,4420279,pool1ases3nklh6gyjf74r7dqm89exjfd520z9cefqru959wcccmrdlk
stake1u9f9v0z5zzlldgx58n8tklphu8mf7h4jvp2j2gddluemnssjfnkzz,504,17722,4438001,pool1ases3nklh6gyjf74r7dqm89exjfd520z9cefqru959wcccmrdlk
stake1u9f9v0z5zzlldgx58n8tklphu8mf7h4jvp2j2gddluemnssjfnkzz,505,14489,4452490,pool1ases3nklh6gyjf74r7dqm89exjfd520z9cefqru959wcccmrdlk
stake1u9f9v0z5zzlldgx58n8tklphu8mf7h4jvp2j2gddluemnssjfnkzz,506,14029,4466519,pool1ases3nklh6gyjf74r7dqm89exjfd520z9cefqru959wcccmrdlk
stake1u9f9v0z5zzlldgx58n8tklphu8mf7h4jvp2j2gddluemnssjfnkzz,507,15750,4482269,pool1ases3nklh6gyjf74r7dqm89exjfd520z9cefqru959wcccmrdlk
stake1u9f9v0z5zzlldgx58n8tklphu8mf7h4jvp2j2gddluemnssjfnkzz,508,15725,4497994,pool1ases3nklh6gyjf74r7dqm89exjfd520z9cefqru959wcccmrdlk
stake1u9f9v0z5zzlldgx58n8tklphu8mf7h4jvp2j2gddluemnssjfnkzz,509,16126,4514120,pool1ases3nklh6gyjf74r7dqm89exjfd520z9cefqru959wcccmrdlk
stake1u9f9v0z5zzlldgx58n8tklphu8mf7h4jvp2j2gddluemnssjfnkzz,510,20911,4535031,pool1ases3nklh6gyjf74r7dqm89exjfd520z9cefqru959wcccmrdlk
stake1u9f9v0z5zzlldgx58n8tklphu8mf7h4jvp2j2gddluemnssjfnkzz,511,17847,4552878,pool1ases3nklh6gyjf74r7dqm89exjfd520z9cefqru959wcccmrdlk
stake1u9f9v0z5zzlldgx58n8tklphu8mf7h4jvp2j2gddluemnssjfnkzz,512,15647,4568525,pool1ases3nklh6gyjf74r7dqm89exjfd520z9cefqru959wcccmrdlk
stake1u9f9v0z5zzlldgx58n8tklphu8mf7h4jvp2j2gddluemnssjfnkzz,513,16928,4585453,pool1ases3nklh6gyjf74r7dqm89exjfd520z9cefqru959wcccmrdlk
stake1u9f9v0z5zzlldgx58n8tklphu8mf7h4jvp2j2gddluemnssjfnkzz,514,13003,4598456,pool1ases3nklh6gyjf74r7dqm89exjfd520z9cefqru959wcccmrdlk
stake1u9f9v0z5zzlldgx58n8tklphu8mf7h4jvp2j2gddluemnssjfnkzz,515,21452,4619908,pool1ases3nklh6gyjf74r7dqm89exjfd520z9cefqru959wcccmrdlk
stake1u9f9v0z5zzlldgx58n8tklphu8mf7h4jvp2j2gddluemnssjfnkzz,516,19236,4639144,pool1ases3nklh6gyjf74r7dqm89exjfd520z9cefqru959wcccmrdlk
stake1u9f9v0z5zzlldgx58n8tklphu8mf7h4jvp2j2gddluemnssjfnkzz,517,17977,4657121,pool1ases3nklh6gyjf74r7dqm89exjfd520z9cefqru959wcccmrdlk
stake1u9f9v0z5zzlldgx58n8tklphu8mf7h4jvp2j2gddluemnssjfnkzz,518,13191,4670312,pool1ases3nklh6gyjf74r7dqm89exjfd520z9cefqru959wcccmrdlk
stake1u9f9v0z5zzlldgx58n8tklphu8mf7h4jvp2j2gddluemnssjfnkzz,519,18261,4688573,pool1ases3nklh6gyjf74r7dqm89exjfd520z9cefqru959wcccmrdlk
stake1u9f9v0z5zzlldgx58n8tklphu8mf7h4jvp2j2gddluemnssjfnkzz,520,19173,4707746,pool1ases3nklh6gyjf74r7dqm89exjfd520z9cefqru959wcccmrdlk
stake1u9f9v0z5zzlldgx58n8tklphu8mf7h4jvp2j2gddluemnssjfnkzz,521,12703,4720449,pool1ases3nklh6gyjf74r7dqm89exjfd520z9cefqru959wcccmrdlk
stake1u9f9v0z5zzlldgx58n8tklphu8mf7h4jvp2j2gddluemnssjfnkzz,522,12517,4732966,pool1ases3nklh6gyjf74r7dqm89exjfd520z9cefqru959wcccmrdlk
stake1u9f9v0z5zzlldgx58n8tklphu8mf7h4jvp2j2gddluemnssjfnkzz,523,12026,4744992,pool1ases3nklh6gyjf74r7dqm89exjfd520z9cefqru959wcccmrdlk
stake1u9f9v0z5zzlldgx58n8tklphu8mf7h4jvp2j2gddluemnssjfnkzz,524,13138,4758130,pool1ases3nklh6gyjf74r7dqm89exjfd520z9cefqru959wcccmrdlk
stake1u9f9v0z5zzlldgx58n8tklphu8mf7h4jvp2j2gddluemnssjfnkzz,525,16256,4774386,pool1ases3nklh6gyjf74r7dqm89exjfd520z9cefqru959wcccmrdlk
stake1u9f9v0z5zzlldgx58n8tklphu8mf7h4jvp2j2gddluemnssjfnkzz,526,11358,4785744,pool1ases3nklh6gyjf74r7dqm89exjfd520z9cefqru959wcccmrdlk
stake1u9f9v0z5zzlldgx58n8tklphu8mf7h4jvp2j2gddluemnssjfnkzz,527,13309,4799053,pool1ases3nklh6gyjf74r7dqm89exjfd520z9cefqru959wcccmrdlk
stake1u9f9v0z5zzlldgx58n8tklphu8mf7h4jvp2j2gddluemnssjfnkzz,528,23678,4822731,pool1ases3nklh6gyjf74r7dqm89exjfd520z9cefqru959wcccmrdlk
stake1u9f9v0z5zzlldgx58n8tklphu8mf7h4jvp2j2gddluemnssjfnkzz,529,14379,4837110,pool1ases3nklh6gyjf74r7dqm89exjfd520z9cefqru959wcccmrdlk
stake1u9f9v0z5zzlldgx58n8tklphu8mf7h4jvp2j2gddluemnssjfnkzz,530,11154,4848264,pool1ases3nklh6gyjf74r7dqm89exjfd520z9cefqru959wcccmrdlk
stake1u9f9v0z5zzlldgx58n8tklphu8mf7h4jvp2j2gddluemnssjfnkzz,531,14787,4863051,pool1ases3nklh6gyjf74r7dqm89exjfd520z9cefqru959wcccmrdlk
stake1u9f9v0z5zzlldgx58n8tklphu8mf7h4jvp2j2gddluemnssjfnkzz,532,11551,4874602,pool1ases3nklh6gyjf74r7dqm89exjfd520z9cefqru959wcccmrdlk
stake1u9f9v0z5zzlldgx58n8tklphu8mf7h4jvp2j2gddluemnssjfnkzz,533,14296,4888898,pool1ases3nklh6gyjf74r7dqm89exjfd520z9cefqru959wcccmrdlk
stake1u9f9v0z5zzlldgx58n8tklphu8mf7h4jvp2j2gddluemnssjfnkzz,534,15093,4903991,pool1ases3nklh6gyjf74r7dqm89exjfd520z9cefqru959wcccmrdlk
stake1u9f9v0z5zzlldgx58n8tklphu8mf7h4jvp2j2gddluemnssjfnkzz,535,11110,4915101,pool1ases3nklh6gyjf74r7dqm89exjfd520z9cefqru959wcccmrdlk
stake1u9f9v0z5zzlldgx58n8tklphu8mf7h4jvp2j2gddluemnssjfnkzz,536,16275,4931376,pool1ases3nklh6gyjf74r7dqm89exjfd520z9cefqru959wcccmrdlk
stake1u9f9v0z5zzlldgx58n8tklphu8mf7h4jvp2j2gddluemnssjfnkzz,537,20703,4952079,pool1ases3nklh6gyjf74r7dqm89exjfd520z9cefqru959wcccmrdlk
stake1u9f9v0z5zzlldgx58n8tklphu8mf7h4jvp2j2gddluemnssjfnkzz,538,21822,4973901,pool1ases3nklh6gyjf74r7dqm89exjfd520z9cefqru959wcccmrdlk
stake1u9f9v0z5zzlldgx58n8tklphu8mf7h4jvp2j2gddluemnssjfnkzz,539,24981,4998882,pool1ases3nklh6gyjf74r7dqm89exjfd520z9cefqru959wcccmrdlk
stake1u9f9v0z5zzlldgx58n8tklphu8mf7h4jvp2j2gddluemnssjfnkzz,540,22629,5021511,pool1ases3nklh6gyjf74r7dqm89exjfd520z9cefqru959wcccmrdlk
stake1u9f9v0z5zzlldgx58n8tklphu8mf7h4jvp2j2gddluemnssjfnkzz,541,19366,5040877,pool1ases3nklh6gyjf74r7dqm89exjfd520z9cefqru959wcccmrdlk
stake1u9f9v0z5zzlldgx58n8tklphu8mf7h4jvp2j2gddluemnssjfnkzz,542,16911,5057788,pool1ases3nklh6gyjf74r7dqm89exjfd520z9cefqru959wcccmrdlk
stake1u9f9v0z5zzlldgx58n8tklphu8mf7h4jvp2j2gddluemnssjfnkzz,543,18448,5076236,pool1ases3nklh6gyjf74r7dqm89exjfd520z9cefqru959wcccmrdlk
stake1u9f9v0z5zzlldgx58n8tklphu8mf7h4jvp2j2gddluemnssjfnkzz,544,20778,5097014,pool1ases3nklh6gyjf74r7dqm89exjfd520z9cefqru959wcccmrdlk
stake1u9f9v0z5zzlldgx58n8tklphu8mf7h4jvp2j2gddluemnssjfnkzz,545,17832,5114846,pool1ases3nklh6gyjf74r7dqm89exjfd520z9cefqru959wcccmrdlk
stake1u9f9v0z5zzlldgx58n8tklphu8mf7h4jvp2j2gddluemnssjfnkzz,546,22092,5136938,pool1ases3nklh6gyjf74r7dqm89exjfd520z9cefqru959wcccmrdlk
stake1u9f9v0z5zzlldgx58n8tklphu8mf7h4jvp2j2gddluemnssjfnkzz,547,24526,5161464,pool1ases3nklh6gyjf74r7dqm89exjfd520z9cefqru959wcccmrdlk
stake1u9f9v0z5zzlldgx58n8tklphu8mf7h4jvp2j2gddluemnssjfnkzz,548,21038,5182502,pool1ases3nklh6gyjf74r7dqm89exjfd520z9cefqru959wcccmrdlk
stake1u9f9v0z5zzlldgx58n8tklphu8mf7h4jvp2j2gddluemnssjfnkzz,549,21864,5204366,pool1ases3nklh6gyjf74r7dqm89exjfd520z9cefqru959wcccmrdlk
stake1u9f9v0z5zzlldgx58n8tklphu8mf7h4jvp2j2gddluemnssjfnkzz,550,20690,5225056,pool1ases3nklh6gyjf74r7dqm89exjfd520z9cefqru959wcccmrdlk
stake1u9f9v0z5zzlldgx58n8tklphu8mf7h4jvp2j2gddluemnssjfnkzz,551,18264,5243320,pool1ases3nklh6gyjf74r7dqm89exjfd520z9cefqru959wcccmrdlk
stake1u9f9v0z5zzlldgx58n8tklphu8mf7h4jvp2j2gddluemnssjfnkzz,552,18213,5261533,pool1ases3nklh6gyjf74r7dqm89exjfd520z9cefqru959wcccmrdlk
stake1u9f9v0z5zzlldgx58n8tklphu8mf7h4jvp2j2gddluemnssjfnkzz,553,16949,5278482,pool1ases3nklh6gyjf74r7dqm89exjfd520z9cefqru959wcccmrdlk
stake1u9f9v0z5zzlldgx58n8tklphu8mf7h4jvp2j2gddluemnssjfnkzz,554,24857,5303339,pool1ases3nklh6gyjf74r7dqm89exjfd520z9cefqru959wcccmrdlk
stake1u9f9v0z5zzlldgx58n8tklphu8mf7h4jvp2j2gddluemnssjfnkzz,555,22291,5325630,pool1ases3nklh6gyjf74r7dqm89exjfd520z9cefqru959wcccmrdlk
stake1u9f9v0z5zzlldgx58n8tklphu8mf7h4jvp2j2gddluemnssjfnkzz,556,19080,5344710,pool1ases3nklh6gyjf74r7dqm89exjfd520z9cefqru959wcccmrdlk
stake1u9f9v0z5zzlldgx58n8tklphu8mf7h4jvp2j2gddluemnssjfnkzz,557,21856,5366566,pool1ases3nklh6gyjf74r7dqm89exjfd520z9cefqru959wcccmrdlk
stake1u9f9v0z5zzlldgx58n8tklphu8mf7h4jvp2j2gddluemnssjfnkzz,558,23356,5389922,pool1ases3nklh6gyjf74r7dqm89exjfd520z9cefqru959wcccmrdlk
stake1u9f9v0z5zzlldgx58n8tklphu8mf7h4jvp2j2gddluemnssjfnkzz,559,19098,5409020,pool1ases3nklh6gyjf74r7dqm89exjfd520z9cefqru959wcccmrdlk
stake1u9f9v0z5zzlldgx58n8tklphu8mf7h4jvp2j2gddluemnssjfnkzz,560,20215,5429235,pool1ases3nklh6gyjf74r7dqm89exjfd520z9cefqru959wcccmrdlk
stake1u9f9v0z5zzlldgx58n8tklphu8mf7h4jvp2j2gddluemnssjfnkzz,561,21363,5450598,pool1ases3nklh6gyjf74r7dqm89exjfd520z9cefqru959wcccmrdlk
stake1u9f9v0z5zzlldgx58n8tklphu8mf7h4jvp2j2gddluemnssjfnkzz,562,23572,5474170,pool1ases3nklh6gyjf74r7dqm89exjfd520z9cefqru959wcccmrdlk
stake1u9f9v0z5zzlldgx58n8tklphu8mf7h4jvp2j2gddluemnssjfnkzz,563,16509,5490679,pool1ases3nklh6gyjf74r7dqm89exjfd520z9cefqru959wcccmrdlk
stake1u9f9v0z5zzlldgx58n8tklphu8mf7h4jvp2j2gddluemnssjfnkzz,564,18740,5509419,pool1ases3nklh6gyjf74r7dqm89exjfd520z9cefqru959wcccmrdlk
stake1u9f9v0z5zzlldgx58n8tklphu8mf7h4jvp2j2gddluemnssjfnkzz,565,17597,5527016,pool1ases3nklh6gyjf74r7dqm89exjfd520z9cefqru959wcccmrdlk
stake1u9f9v0z5zzlldgx58n8tklphu8mf7h4jvp2j2gddluemnssjfnkzz,566,19019,5546035,pool1ases3nklh6gyjf74r7dqm89exjfd520z9cefqru959wcccmrdlk
stake1u9f9v0z5zzlldgx58n8tklphu8mf7h4jvp2j2gddluemnssjfnkzz,567,18261,5564296,pool1ases3nklh6gyjf74r7dqm89exjfd520z9cefqru959wcccmrdlk
stake1u9f9v0z5zzlldgx58n8tklphu8mf7h4jvp2j2gddluemnssjfnkzz,568,17903,5582199,pool1ases3nklh6gyjf74r7dqm89exjfd520z9cefqru959wcccmrdlk
stake1u9f9v0z5zzlldgx58n8tklphu8mf7h4jvp2j2gddluemnssjfnkzz,569,15234,5597433,pool1ases3nklh6gyjf74r7dqm89exjfd520z9cefqru959wcccmrdlk
stake1u9f9v0z5zzlldgx58n8tklphu8mf7h4jvp2j2gddluemnssjfnkzz,570,14864,5612297,pool1ases3nklh6gyjf74r7dqm89exjfd520z9cefqru959wcccmrdlk
stake1u9f9v0z5zzlldgx58n8tklphu8mf7h4jvp2j2gddluemnssjfnkzz,571,21623,5633920,pool1ases3nklh6gyjf74r7dqm89exjfd520z9cefqru959wcccmrdlk
stake1u9f9v0z5zzlldgx58n8tklphu8mf7h4jvp2j2gddluemnssjfnkzz,572,18027,5651947,pool1ases3nklh6gyjf74r7dqm89exjfd520z9cefqru959wcccmrdlk
stake1u9f9v0z5zzlldgx58n8tklphu8mf7h4jvp2j2gddluemnssjfnkzz,573,17634,5669581,pool1ases3nklh6gyjf74r7dqm89exjfd520z9cefqru959wcccmrdlk
stake1u9f9v0z5zzlldgx58n8tklphu8mf7h4jvp2j2gddluemnssjfnkzz,574,16858,5686439,pool1ases3nklh6gyjf74r7dqm89exjfd520z9cefqru959wcccmrdlk
stake1u9f9v0z5zzlldgx58n8tklphu8mf7h4jvp2j2gddluemnssjfnkzz,575,17961,5704400,pool1ases3nklh6gyjf74r7dqm89exjfd520z9cefqru959wcccmrdlk
stake1u9f9v0z5zzlldgx58n8tklphu8mf7h4jvp2j2gddluemnssjfnkzz,576,17897,5722297,pool1ases3nklh6gyjf74r7dqm89exjfd520z9cefqru959wcccmrdlk
stake1u9f9v0z5zzlldgx58n8tklphu8mf7h4jvp2j2gddluemnssjfnkzz,577,16356,5738653,pool1ases3nklh6gyjf74r7dqm89exjfd520z9cefqru959wcccmrdlk
stake1u9f9v0z5zzlldgx58n8tklphu8mf7h4jvp2j2gddluemnssjfnkzz,578,11829,5750482,pool1ases3nklh6gyjf74r7dqm89exjfd520z9cefqru959wcccmrdlk
stake1u9f9v0z5zzlldgx58n8tklphu8mf7h4jvp2j2gddluemnssjfnkzz,579,16642,5767124,pool1ases3nklh6gyjf74r7dqm89exjfd520z9cefqru959wcccmrdlk
stake1u9f9v0z5zzlldgx58n8tklphu8mf7h4jvp2j2gddluemnssjfnkzz,580,19537,5786661,pool1ases3nklh6gyjf74r7dqm89exjfd520z9cefqru959wcccmrdlk
stake1u9f9v0z5zzlldgx58n8tklphu8mf7h4jvp2j2gddluemnssjfnkzz,581,19083,5805744,pool1ases3nklh6gyjf74r7dqm89exjfd520z9cefqru959wcccmrdlk
stake1u9f9v0z5zzlldgx58n8tklphu8mf7h4jvp2j2gddluemnssjfnkzz,582,18354,5824098,pool1ases3nklh6gyjf74r7dqm89exjfd520z9cefqru959wcccmrdlk
stake1u9f9v0z5zzlldgx58n8tklphu8mf7h4jvp2j2gddluemnssjfnkzz,583,13471,5837569,pool1ases3nklh6gyjf74r7dqm89exjfd520z9cefqru959wcccmrdlk
stake1u9f9v0z5zzlldgx58n8tklphu8mf7h4jvp2j2gddluemnssjfnkzz,584,9789,5847358,pool1ases3nklh6gyjf74r7dqm89exjfd520z9cefqru959wcccmrdlk
stake1u9f9v0z5zzlldgx58n8tklphu8mf7h4jvp2j2gddluemnssjfnkzz,585,14468,5861826,pool1ases3nklh6gyjf74r7dqm89exjfd520z9cefqru959wcccmrdlk
stake1u9f9v0z5zzlldgx58n8tklphu8mf7h4jvp2j2gddluemnssjfnkzz,586,16227,5878053,pool1ases3nklh6gyjf74r7dqm89exjfd520z9cefqru959wcccmrdlk
stake1u9f9v0z5zzlldgx58n8tklphu8mf7h4jvp2j2gddluemnssjfnkzz,587,12241,5890294,pool1ases3nklh6gyjf74r7dqm89exjfd520z9cefqru959wcccmrdlk
stake1u9f9v0z5zzlldgx58n8tklphu8mf7h4jvp2j2gddluemnssjfnkzz,588,12908,5903202,pool1ases3nklh6gyjf74r7dqm89exjfd520z9cefqru959wcccmrdlk
stake1u9f9v0z5zzlldgx58n8tklphu8mf7h4jvp2j2gddluemnssjfnkzz,589,13258,5916460,pool1ases3nklh6gyjf74r7dqm89exjfd520z9cefqru959wcccmrdlk
stake1u9f9v0z5zzlldgx58n8tklphu8mf7h4jvp2j2gddluemnssjfnkzz,590,13222,5929682,pool1ases3nklh6gyjf74r7dqm89exjfd520z9cefqru959wcccmrdlk
stake1u9f9v0z5zzlldgx58n8tklphu8mf7h4jvp2j2gddluemnssjfnkzz,591,17035,5946717,pool1ases3nklh6gyjf74r7dqm89exjfd520z9cefqru959wcccmrdlk
stake1u9f9v0z5zzlldgx58n8tklphu8mf7h4jvp2j2gddluemnssjfnkzz,592,13826,5960543,pool1ases3nklh6gyjf74r7dqm89exjfd520z9cefqru959wcccmrdlk
stake1u9f9v0z5zzlldgx58n8tklphu8mf7h4jvp2j2gddluemnssjfnkzz,593,16699,5977242,pool1ases3nklh6gyjf74r7dqm89exjfd520z9cefqru959wcccmrdlk
stake1u9f9v0z5zzlldgx58n8tklphu8mf7h4jvp2j2gddluemnssjfnkzz,594,10232,5987474,pool1ases3nklh6gyjf74r7dqm89exjfd520z9cefqru959wcccmrdlk
stake1u9f9v0z5zzlldgx58n8tklphu8mf7h4jvp2j2gddluemnssjfnkzz,595,16198,6003672,pool1ases3nklh6gyjf74r7dqm89exjfd520z9cefqru959wcccmrdlk
stake1u9f9v0z5zzlldgx58n8tklphu8mf7h4jvp2j2gddluemnssjfnkzz,596,11250,6014922,pool1ases3nklh6gyjf74r7dqm89exjfd520z9cefqru959wcccmrdlk
stake1u9f9v0z5zzlldgx58n8tklphu8mf7h4jvp2j2gddluemnssjfnkzz,597,12084,6027006,pool1ases3nklh6gyjf74r7dqm89exjfd520z9cefqru959wcccmrdlk
stake1u9f9v0z5zzlldgx58n8tklphu8mf7h4jvp2j2gddluemnssjfnkzz,598,10654,6037660,pool1ases3nklh6gyjf74r7dqm89exjfd520z9cefqru959wcccmrdlk
stake1u9f9v0z5zzlldgx58n8tklphu8mf7h4jvp2j2gddluemnssjfnkzz,599,14511,6052171,pool1ases3nklh6gyjf74r7dqm89exjfd520z9cefqru959wcccmrdlk
stake1u9f9v0z5zzlldgx58n8tklphu8mf7h4jvp2j2gddluemnssjfnkzz,600,13060,6065231,pool1ases3nklh6gyjf74r7dqm89exjfd520z9cefqru959wcccmrdlk
stake1u9f9v0z5zzlldgx58n8tklphu8mf7h4jvp2j2gddluemnssjfnkzz,601,15709,6080940,pool1ases3nklh6gyjf74r7dqm89exjfd520z9cefqru959wcccmrdlk
stake1u9f9v0z5zzlldgx58n8tklphu8mf7h4jvp2j2gddluemnssjfnkzz,602,11310,6092250,pool1ases3nklh6gyjf74r7dqm89exjfd520z9cefqru959wcccmrdlk
stake1u9f9v0z5zzlldgx58n8tklphu8mf7h4jvp2j2gddluemnssjfnkzz,603,13019,6105269,pool1ases3nklh6gyjf74r7dqm89exjfd520z9cefqru959wcccmrdlk
stake1u9f9v0z5zzlldgx58n8tklphu8mf7h4jvp2j2gddluemnssjfnkzz,604,14306,6119575,pool1ases3nklh6gyjf74r7dqm89exjfd520z9cefqru959wcccmrdlk
stake1u9f9v0z5zzlldgx58n8tklphu8mf7h4jvp2j2gddluemnssjfnkzz,605,11239,6130814,pool1ases3nklh6gyjf74r7dqm89exjfd520z9cefqru959wcccmrdlk
stake1u9f9v0z5zzlldgx58n8tklphu8mf7h4jvp2j2gddluemnssjfnkzz,606,15871,6146685,pool1ases3nklh6gyjf74r7dqm89exjfd520z9cefqru959wcccmrdlk
stake1u9f9v0z5zzlldgx58n8tklphu8mf7h4jvp2j2gddluemnssjfnkzz,607,13214,6159899,pool1ases3nklh6gyjf74r7dqm89exjfd520z9cefqru959wcccmrdlk
stake1u9f9v0z5zzlldgx58n8tklphu8mf7h4jvp2j2gddluemnssjfnkzz,608,14899,6174798,pool1ases3nklh6gyjf74r7dqm89exjfd520z9cefqru959wcccmrdlk
stake1u9f9v0z5zzlldgx58n8tklphu8mf7h4jvp2j2gddluemnssjfnkzz,609,11872,6186670,pool1ases3nklh6gyjf74r7dqm89exjfd520z9cefqru959wcccmrdlk
stake1u9f9v0z5zzlldgx58n8tklphu8mf7h4jvp2j2gddluemnssjfnkzz,610,12225,6198895,pool1ases3nklh6gyjf74r7dqm89exjfd520z9cefqru959wcccmrdlk
stake1u9f9v0z5zzlldgx58n8tklphu8mf7h4jvp2j2gddluemnssjfnkzz,611,14882,6213777,pool1ases3nklh6gyjf74r7dqm89exjfd520z9cefqru959wcccmrdlk
stake1u9f9v0z5zzlldgx58n8tklphu8mf7h4jvp2j2gddluemnssjfnkzz,612,12030,6225807,pool1ases3nklh6gyjf74r7dqm89exjfd520z9cefqru959wcccmrdlk
stake1u9f9v0z5zzlldgx58n8tklphu8mf7h4jvp2j2gddluemnssjfnkzz,613,13032,6238839,pool1ases3nklh6gyjf74r7dqm89exjfd520z9cefqru959wcccmrdlk
stake1u9f9v0z5zzlldgx58n8tklphu8mf7h4jvp2j2gddluemnssjfnkzz,614,13093,6251932,pool1ases3nklh6gyjf74r7dqm89exjfd520z9cefqru959wcccmrdlk
stake1u9f9v0z5zzlldgx58n8tklphu8mf7h4jvp2j2gddluemnssjfnkzz,615,14756,6266688,pool1ases3nklh6gyjf74r7dqm89exjfd520z9cefqru959wcccmrdlk
stake179penqfa4kgmk799avtuyml4ppftcawnlfakaxhgwgevesggrke2g,486,2371,2371,pool1ea34czsr90yc63fmv4gj4tetp7ds7c4jhpj6vqg4yw40wvygdl3
stake179penqfa4kgmk799avtuyml4ppftcawnlfakaxhgwgevesggrke2g,487,2428,4799,pool1ea34czsr90yc63fmv4gj4tetp7ds7c4jhpj6vqg4yw40wvygdl3
stake179penqfa4kgmk799avtuyml4ppftcawnlfakaxhgwgevesggrke2g,488,1358,6157,pool1ea34czsr90yc63fmv4gj4tetp7ds7c4jhpj6vqg4yw40wvygdl3
stake179penqfa4kgmk799avtuyml4ppftcawnlfakaxhgwgevesggrke2g,489,2864,9021,pool1ea34czsr90yc63fmv4gj4tetp7ds7c4jhpj6vqg4yw40wvygdl3
stake179penqfa4kgmk799avtuyml4ppftcawnlfakaxhgwgevesggrke2g,490,2122,11143,pool1ea34czsr90yc63fmv4gj4tetp7ds7c4jhpj6vqg4yw40wvygdl3
stake179penqfa4kgmk799avtuyml4ppftcawnlfakaxhgwgevesggrke2g,491,3278,14421,pool1ea34czsr90yc63fmv4gj4tetp7ds7c4jhpj6vqg4yw40wvygdl3
stake179penqfa4kgmk799avtuyml4ppftcawnlfakaxhgwgevesggrke2g,492,3739,18160,pool1ea34czsr90yc63fmv4gj4tetp7ds7c4jhpj6vqg4yw40wvygdl3
stake179penqfa4kgmk799avtuyml4ppftcawnlfakaxhgwgevesggrke2g,493,4913,23073,pool1ea34czsr90yc63fmv4gj4tetp7ds7c4jhpj6vqg4yw40wvygdl3
stake179penqfa4kgmk799avtuyml4ppftcawnlfakaxhgwgevesggrke2g,494,4909,27982,pool1ea34czsr90yc63fmv4gj4tetp7ds7c4jhpj6vqg4yw40wvygdl3
stake179penqfa4kgmk799avtuyml4ppftcawnlfakaxhgwgevesggrke2g,495,5288,33270,pool1ea34czsr90yc63fmv4gj4tetp7ds7c4jhpj6vqg4yw40wvygdl3
stake179penqfa4kgmk799avtuyml4ppftcawnlfakaxhgwgevesggrke2g,496,3744,37014,pool1ea34czsr90yc63fmv4gj4tetp7ds7c4jhpj6vqg4yw40wvygdl3
stake179penqfa4kgmk799avtuyml4ppftcawnlfakaxhgwgevesggrke2g,497,4138,41152,pool1ea34czsr90yc63fmv4gj4tetp7ds7c4jhpj6vqg4yw40wvygdl3
stake179penqfa4kgmk799avtuyml4ppftcawnlfakaxhgwgevesggrke2g,498,5318,46470,pool1ea34czsr90yc63fmv4gj4tetp7ds7c4jhpj6vqg4yw40wvygdl3
stake179penqfa4kgmk799avtuyml4ppftcawnlfakaxhgwgevesggrke2g,499,5324,51794,pool1ea34czsr90yc63fmv4gj4tetp7ds7c4jhpj6vqg4yw40wvygdl3
stake179penqfa4kgmk799avtuyml4ppftcawnlfakaxhgwgevesggrke2g,500,3356,55150,pool1ea34czsr90yc63fmv4gj4tetp7ds7c4jhpj6vqg4yw40wvygdl3
stake179penqfa4kgmk799avtuyml4ppftcawnlfakaxhgwgevesggrke2g,501,5733,60883,pool1ea34czsr90yc63fmv4gj4tetp7ds7c4jhpj6vqg4yw40wvygdl3
stake179penqfa4kgmk799avtuyml4ppftcawnlfakaxhgwgevesggrke2g,502,5335,66218,pool1ea34czsr90yc63fmv4gj4tetp7ds7c4jhpj6vqg4yw40wvygdl3
stake179penqfa4kgmk799avtuyml4ppftcawnlfakaxhgwgevesggrke2g,503,9623,75841,pool1ea34czsr90yc63fmv4gj4tetp7ds7c4jhpj6vqg4yw40wvygdl3
stake179penqfa4kgmk799avtuyml4ppftcawnlfakaxhgwgevesggrke2g,504,5709,81550,pool1ea34czsr90yc63fmv4gj4tetp7ds7c4jhpj6vqg4yw40wvygdl3
stake179penqfa4kgmk799avtuyml4ppftcawnlfakaxhgwgevesggrke2g,505,9154,90704,pool1ea34czsr90yc63fmv4gj4tetp7ds7c4jhpj6vqg4yw40wvygdl3
stake179penqfa4kgmk799avtuyml4ppftcawnlfakaxhgwgevesggrke2g,506,7181,97885,pool1ea34czsr90yc63fmv4gj4tetp7ds7c4jhpj6vqg4yw40wvygdl3
stake179penqfa4kgmk799avtuyml4ppftcawnlfakaxhgwgevesggrke2g,507,6403,104288,pool1ea34czsr90yc63fmv4gj4tetp7ds7c4jhpj6vqg4yw40wvygdl3
stake179penqfa4kgmk799avtuyml4ppftcawnlfakaxhgwgevesggrke2g,508,5619,109907,pool1ea34czsr90yc63fmv4gj4tetp7ds7c4jhpj6vqg4yw40wvygdl3
stake179penqfa4kgmk799avtuyml4ppftcawnlfakaxhgwgevesggrke2g,509,7535,117442,pool1ea34czsr90yc63fmv4gj4tetp7ds7c4jhpj6vqg4yw40wvygdl3
stake179penqfa4kgmk799avtuyml4ppftcawnlfakaxhgwgevesggrke2g,510,10276,127718,pool1ea34czsr90yc63fmv4gj4tetp7ds7c4jhpj6vqg4yw40wvygdl3
stake179penqfa4kgmk799avtuyml4ppftcawnlfakaxhgwgevesggrke2g,511,7283,135001,pool1ea34czsr90yc63fmv4gj4tetp7ds7c4jhpj6vqg4yw40wvygdl3
stake179penqfa4kgmk799avtuyml4ppftcawnlfakaxhgwgevesggrke2g,512,3180,138181,pool1ea34czsr90yc63fmv4gj4tetp7ds7c4jhpj6vqg4yw40wvygdl3
stake179penqfa4kgmk799avtuyml4ppftcawnlfakaxhgwgevesggrke2g,513,4280,142461,pool1ea34czsr90yc63fmv4gj4tetp7ds7c4jhpj6vqg4yw40wvygdl3
stake179penqfa4kgmk799avtuyml4ppftcawnlfakaxhgwgevesggrke2g,514,9820,152281,pool1ea34czsr90yc63fmv4gj4tetp7ds7c4jhpj6vqg4yw40wvygdl3
stake179penqfa4kgmk799avtuyml4ppftcawnlfakaxhgwgevesggrke2g,515,6808,159089,pool1ea34czsr90yc63fmv4gj4tetp7ds7c4jhpj6vqg4yw40wvygdl3
stake179penqfa4kgmk799avtuyml4ppftcawnlfakaxhgwgevesggrke2g,516,4936,164025,pool1ea34czsr90yc63fmv4gj4tetp7ds7c4jhpj6vqg4yw40wvygdl3
stake179penqfa4kgmk799avtuyml4ppftcawnlfakaxhgwgevesggrke2g,517,4909,168934,pool1ea34czsr90yc63fmv4gj4tetp7ds7c4jhpj6vqg4yw40wvygdl3
stake179penqfa4kgmk799avtuyml4ppftcawnlfakaxhgwgevesggrke2g,518,4520,173454,pool1ea34czsr90yc63fmv4gj4tetp7ds7c4jhpj6vqg4yw40wvygdl3
stake179penqfa4kgmk799avtuyml4ppftcawnlfakaxhgwgevesggrke2g,519,5954,179408,pool1ea34czsr90yc63fmv4gj4tetp7ds7c4jhpj6vqg4yw40wvygdl3
stake179penqfa4kgmk799avtuyml4ppftcawnlfakaxhgwgevesggrke2g,520,4413,183821,pool1ea34czsr90yc63fmv4gj4tetp7ds7c4jhpj6vqg4yw40wvygdl3
stake179penqfa4kgmk799avtuyml4ppftcawnlfakaxhgwgevesggrke2g,521,2659,186480,pool1ea34czsr90yc63fmv4gj4tetp7ds7c4jhpj6vqg4yw40wvygdl3
stake179penqfa4kgmk799avtuyml4ppftcawnlfakaxhgwgevesggrke2g,522,3291,189771,pool1ea34czsr90yc63fmv4gj4tetp7ds7c4jhpj6vqg4yw40wvygdl3
stake179penqfa4kgmk799avtuyml4ppftcawnlfakaxhgwgevesggrke2g,523,4325,194096,pool1ea34czsr90yc63fmv4gj4tetp7ds7c4jhpj6vqg4yw40wvygdl3
stake179penqfa4kgmk799avtuyml4ppftcawnlfakaxhgwgevesggrke2g,524,3253,197349,pool1ea34czsr90yc63fmv4gj4tetp7ds7c4jhpj6vqg4yw40wvygdl3
stake179penqfa4kgmk799avtuyml4ppftcawnlfakaxhgwgevesggrke2g,525,2880,200229,pool1ea34czsr90yc63fmv4gj4tetp7ds7c4jhpj6vqg4yw40wvygdl3
stake179penqfa4kgmk799avtuyml4ppftcawnlfakaxhgwgevesggrke2g,526,3872,204101,pool1ea34czsr90yc63fmv4gj4tetp7ds7c4jhpj6vqg4yw40wvygdl3
stake179penqfa4kgmk799avtuyml4ppftcawnlfakaxhgwgevesggrke2g,527,3506,207607,pool1ea34czsr90yc63fmv4gj4tetp7ds7c4jhpj6vqg4yw40wvygdl3
stake179penqfa4kgmk799avtuyml4ppftcawnlfakaxhgwgevesggrke2g,528,5147,212754,pool1ea34czsr90yc63fmv4gj4tetp7ds7c4jhpj6vqg4yw40wvygdl3
stake179penqfa4kgmk799avtuyml4ppftcawnlfakaxhgwgevesggrke2g,529,4442,217196,pool1ea34czsr90yc63fmv4gj4tetp7ds7c4jhpj6vqg4yw40wvygdl3
stake179penqfa4kgmk799avtuyml4ppftcawnlfakaxhgwgevesggrke2g,530,4749,221945,pool1ea34czsr90yc63fmv4gj4tetp7ds7c4jhpj6vqg4yw40wvygdl3
stake179penqfa4kgmk799avtuyml4ppftcawnlfakaxhgwgevesggrke2g,531,2794,224739,pool1ea34czsr90yc63fmv4gj4tetp7ds7c4jhpj6vqg4yw40wvygdl3
stake179penqfa4kgmk799avtuyml4ppftcawnlfakaxhgwgevesggrke2g,532,3100,227839,pool1ea34czsr90yc63fmv4gj4tetp7ds7c4jhpj6vqg4yw40wvygdl3
stake179penqfa4kgmk799avtuyml4ppftcawnlfakaxhgwgevesggrke2g,533,3746,231585,pool1ea34czsr90yc63fmv4gj4tetp7ds7c4jhpj6vqg4yw40wvygdl3
stake179penqfa4kgmk799avtuyml4ppftcawnlfakaxhgwgevesggrke2g,534,3440,235025,pool1ea34czsr90yc63fmv4gj4tetp7ds7c4jhpj6vqg4yw40wvygdl3
stake179penqfa4kgmk799avtuyml4ppftcawnlfakaxhgwgevesggrke2g,535,3418,238443,pool1ea34czsr90yc63fmv4gj4tetp7ds7c4jhpj6vqg4yw40wvygdl3
stake179penqfa4kgmk799avtuyml4ppftcawnlfakaxhgwgevesggrke2g,536,2109,240552,pool1ea34czsr90yc63fmv4gj4tetp7ds7c4jhpj6vqg4yw40wvygdl3
stake179penqfa4kgmk799avtuyml4ppftcawnlfakaxhgwgevesggrke2g,537,3390,243942,pool1ea34czsr90yc63fmv4gj4tetp7ds7c4jhpj6vqg4yw40wvygdl3
stake179penqfa4kgmk799avtuyml4ppftcawnlfakaxhgwgevesggrke2g,538,2094,246036,pool1ea34czsr90yc63fmv4gj4tetp7ds7c4jhpj6vqg4yw40wvygdl3
stake179penqfa4kgmk799avtuyml4ppftcawnlfakaxhgwgevesggrke2g,539,41,246077,pool1ea34czsr90yc63fmv4gj4tetp7ds7c4jhpj6vqg4yw40wvygdl3
stake179penqfa4kgmk799avtuyml4ppftcawnlfakaxhgwgevesggrke2g,540,49,246126,pool1ea34czsr90yc63fmv4gj4tetp7ds7c4jhpj6vqg4yw40wvygdl3
stake179penqfa4kgmk799avtuyml4ppftcawnlfakaxhgwgevesggrke2g,541,41,246167,pool1ea34czsr90yc63fmv4gj4tetp7ds7c4jhpj6vqg4yw40wvygdl3
stake179penqfa4kgmk799avtuyml4ppftcawnlfakaxhgwgevesggrke2g,542,29,246196,pool1ea34czsr90yc63fmv4gj4tetp7ds7c4jhpj6vqg4yw40wvygdl3
stake179penqfa4kgmk799avtuyml4ppftcawnlfakaxhgwgevesggrke2g,543,71,246267,pool1ea34czsr90yc63fmv4gj4tetp7ds7c4jhpj6vqg4yw40wvygdl3
stake179penqfa4kgmk799avtuyml4ppftcawnlfakaxhgwgevesggrke2g,544,158,246425,pool1ea34czsr90yc63fmv4gj4tetp7ds7c4jhpj6vqg4yw40wvygdl3
stake179penqfa4kgmk799avtuyml4ppftcawnlfakaxhgwgevesggrke2g,545,176,246601,pool1ea34czsr90yc63fmv4gj4tetp7ds7c4jhpj6vqg4yw40wvygdl3
stake179penqfa4kgmk799avtuyml4ppftcawnlfakaxhgwgevesggrke2g,546,148,246749,pool1ea34czsr90yc63fmv4gj4tetp7ds7c4jhpj6vqg4yw40wvygdl3
stake179penqfa4kgmk799avtuyml4ppftcawnlfakaxhgwgevesggrke2g,547,68,246817,pool1ea34czsr90yc63fmv4gj4tetp7ds7c4jhpj6vqg4yw40wvygdl3
stake179penqfa4kgmk799avtuyml4ppftcawnlfakaxhgwgevesggrke2g,548,117,246934,pool1ea34czsr90yc63fmv4gj4tetp7ds7c4jhpj6vqg4yw40wvygdl3
stake179penqfa4kgmk799avtuyml4ppftcawnlfakaxhgwgevesggrke2g,549,173,247107,pool1ea34czsr90yc63fmv4gj4tetp7ds7c4jhpj6vqg4yw40wvygdl3
stake179penqfa4kgmk799avtuyml4ppftcawnlfakaxhgwgevesggrke2g,550,78,247185,pool1ea34czsr90yc63fmv4gj4tetp7ds7c4jhpj6vqg4yw40wvygdl3
stake179penqfa4kgmk799avtuyml4ppftcawnlfakaxhgwgevesggrke2g,551,117,247302,pool1ea34czsr90yc63fmv4gj4tetp7ds7c4jhpj6vqg4yw40wvygdl3
stake179penqfa4kgmk799avtuyml4ppftcawnlfakaxhgwgevesggrke2g,552,180,247482,pool1ea34czsr90yc63fmv4gj4tetp7ds7c4jhpj6vqg4yw40wvygdl3
stake179penqfa4kgmk799avtuyml4ppftcawnlfakaxhgwgevesggrke2g,553,235,247717,pool1ea34czsr90yc63fmv4gj4tetp7ds7c4jhpj6vqg4yw40wvygdl3
stake179penqfa4kgmk799avtuyml4ppftcawnlfakaxhgwgevesggrke2g,554,48,247765,pool1ea34czsr90yc63fmv4gj4tetp7ds7c4jhpj6vqg4yw40wvygdl3
stake179penqfa4kgmk799avtuyml4ppftcawnlfakaxhgwgevesggrke2g,555,66,247831,pool1ea34czsr90yc63fmv4gj4tetp7ds7c4jhpj6vqg4yw40wvygdl3
stake179penqfa4kgmk799avtuyml4ppftcawnlfakaxhgwgevesggrke2g,556,57,247888,pool1ea34czsr90yc63fmv4gj4tetp7ds7c4jhpj6vqg4yw40wvygdl3
stake179penqfa4kgmk799avtuyml4ppftcawnlfakaxhgwgevesggrke2g,557,57,247945,pool1ea34czsr90yc63fmv4gj4tetp7ds7c4jhpj6vqg4yw40wvygdl3
stake179penqfa4kgmk799avtuyml4ppftcawnlfakaxhgwgevesggrke2g,558,54,247999,pool1ea34czsr90yc63fmv4gj4tetp7ds7c4jhpj6vqg4yw40wvygdl3
stake179penqfa4kgmk799avtuyml4ppftcawnlfakaxhgwgevesggrke2g,559,98,248097,pool1ea34czsr90yc63fmv4gj4tetp7ds7c4jhpj6vqg4yw40wvygdl3
stake179penqfa4kgmk799avtuyml4ppftcawnlfakaxhgwgevesggrke2g,560,53,248150,pool1ea34czsr90yc63fmv4gj4tetp7ds7c4jhpj6vqg4yw40wvygdl3
stake179penqfa4kgmk799avtuyml4ppftcawnlfakaxhgwgevesggrke2g,561,48,248198,pool1ea34czsr90yc63fmv4gj4tetp7ds7c4jhpj6vqg4yw40wvygdl3
stake179penqfa4kgmk799avtuyml4ppftcawnlfakaxhgwgevesggrke2g,562,53,248251,pool1ea34czsr90yc63fmv4gj4tetp7ds7c4jhpj6vqg4yw40wvygdl3
stake179penqfa4kgmk799avtuyml4ppftcawnlfakaxhgwgevesggrke2g,563,46,248297,pool1ea34czsr90yc63fmv4gj4tetp7ds7c4jhpj6vqg4yw40wvygdl3
stake179penqfa4kgmk799avtuyml4ppftcawnlfakaxhgwgevesggrke2g,564,53,248350,pool1ea34czsr90yc63fmv4gj4tetp7ds7c4jhpj6vqg4yw40wvygdl3
stake179penqfa4kgmk799avtuyml4ppftcawnlfakaxhgwgevesggrke2g,565,49,248399,pool1ea34czsr90yc63fmv4gj4tetp7ds7c4jhpj6vqg4yw40wvygdl3
stake179penqfa4kgmk799avtuyml4ppftcawnlfakaxhgwgevesggrke2g,566,63,248462,pool1ea34czsr90yc63fmv4gj4tetp7ds7c4jhpj6vqg4yw40wvygdl3
stake179penqfa4kgmk799avtuyml4ppftcawnlfakaxhgwgevesggrke2g,567,24,248486,pool1ea34czsr90yc63fmv4gj4tetp7ds7c4jhpj6vqg4yw40wvygdl3
stake179penqfa4kgmk799avtuyml4ppftcawnlfakaxhgwgevesggrke2g,568,41,248527,pool1ea34czsr90yc63fmv4gj4tetp7ds7c4jhpj6vqg4yw40wvygdl3
stake179penqfa4kgmk799avtuyml4ppftcawnlfakaxhgwgevesggrke2g,569,80,248607,pool1ea34czsr90yc63fmv4gj4tetp7ds7c4jhpj6vqg4yw40wvygdl3
stake179penqfa4kgmk799avtuyml4ppftcawnlfakaxhgwgevesggrke2g,570,62,248669,pool1ea34czsr90yc63fmv4gj4tetp7ds7c4jhpj6vqg4yw40wvygdl3
stake179penqfa4kgmk799avtuyml4ppftcawnlfakaxhgwgevesggrke2g,571,135,248804,pool1ea34czsr90yc63fmv4gj4tetp7ds7c4jhpj6vqg4yw40wvygdl3
stake179penqfa4kgmk799avtuyml4ppftcawnlfakaxhgwgevesggrke2g,572,46,248850,pool1ea34czsr90yc63fmv4gj4tetp7ds7c4jhpj6vqg4yw40wvygdl3
stake179penqfa4kgmk799avtuyml4ppftcawnlfakaxhgwgevesggrke2g,573,57,248907,pool1ea34czsr90yc63fmv4gj4tetp7ds7c4jhpj6vqg4yw40wvygdl3
stake179penqfa4kgmk799avtuyml4ppftcawnlfakaxhgwgevesggrke2g,575,65,248972,pool1ea34czsr90yc63fmv4gj4tetp7ds7c4jhpj6vqg4yw40wvygdl3
stake179penqfa4kgmk799avtuyml4ppftcawnlfakaxhgwgevesggrke2g,576,87,249059,pool1ea34czsr90yc63fmv4gj4tetp7ds7c4jhpj6vqg4yw40wvygdl3
stake179penqfa4kgmk799avtuyml4ppftcawnlfakaxhgwgevesggrke2g,577,26,249085,pool1ea34czsr90yc63fmv4gj4tetp7ds7c4jhpj6vqg4yw40wvygdl3
stake179penqfa4kgmk799avtuyml4ppftcawnlfakaxhgwgevesggrke2g,578,84,249169,pool1ea34czsr90yc63fmv4gj4tetp7ds7c4jhpj6vqg4yw40wvygdl3
stake179penqfa4kgmk799avtuyml4ppftcawnlfakaxhgwgevesggrke2g,579,61,249230,pool1ea34czsr90yc63fmv4gj4tetp7ds7c4jhpj6vqg4yw40wvygdl3
stake179penqfa4kgmk799avtuyml4ppftcawnlfakaxhgwgevesggrke2g,580,56,249286,pool1ea34czsr90yc63fmv4gj4tetp7ds7c4jhpj6vqg4yw40wvygdl3
stake179penqfa4kgmk799avtuyml4ppftcawnlfakaxhgwgevesggrke2g,581,24,249310,pool1ea34czsr90yc63fmv4gj4tetp7ds7c4jhpj6vqg4yw40wvygdl3
stake179penqfa4kgmk799avtuyml4ppftcawnlfakaxhgwgevesggrke2g,582,145,249455,pool1ea34czsr90yc63fmv4gj4tetp7ds7c4jhpj6vqg4yw40wvygdl3
stake179penqfa4kgmk799avtuyml4ppftcawnlfakaxhgwgevesggrke2g,583,38,249493,pool1ea34czsr90yc63fmv4gj4tetp7ds7c4jhpj6vqg4yw40wvygdl3
stake179penqfa4kgmk799avtuyml4ppftcawnlfakaxhgwgevesggrke2g,584,70,249563,pool1ea34czsr90yc63fmv4gj4tetp7ds7c4jhpj6vqg4yw40wvygdl3
stake179penqfa4kgmk799avtuyml4ppftcawnlfakaxhgwgevesggrke2g,585,93,249656,pool1ea34czsr90yc63fmv4gj4tetp7ds7c4jhpj6vqg4yw40wvygdl3
stake179penqfa4kgmk799avtuyml4ppftcawnlfakaxhgwgevesggrke2g,586,75,249731,pool1ea34czsr90yc63fmv4gj4tetp7ds7c4jhpj6vqg4yw40wvygdl3
stake179penqfa4kgmk799avtuyml4ppftcawnlfakaxhgwgevesggrke2g,587,55,249786,pool1ea34czsr90yc63fmv4gj4tetp7ds7c4jhpj6vqg4yw40wvygdl3
stake179penqfa4kgmk799avtuyml4ppftcawnlfakaxhgwgevesggrke2g,588,68,249854,pool1ea34czsr90yc63fmv4gj4tetp7ds7c4jhpj6vqg4yw40wvygdl3
stake179penqfa4kgmk799avtuyml4ppftcawnlfakaxhgwgevesggrke2g,589,101,249955,pool1ea34czsr90yc63fmv4gj4tetp7ds7c4jhpj6vqg4yw40wvygdl3
stake179penqfa4kgmk799avtuyml4ppftcawnlfakaxhgwgevesggrke2g,590,70,250025,pool1ea34czsr90yc63fmv4gj4tetp7ds7c4jhpj6vqg4yw40wvygdl3
stake179penqfa4kgmk799avtuyml4ppftcawnlfakaxhgwgevesggrke2g,591,27,250052,pool1ea34czsr90yc63fmv4gj4tetp7ds7c4jhpj6vqg4yw40wvygdl3
stake179penqfa4kgmk799avtuyml4ppftcawnlfakaxhgwgevesggrke2g,592,38,250090,pool1ea34czsr90yc63fmv4gj4tetp7ds7c4jhpj6vqg4yw40wvygdl3
stake179penqfa4kgmk799avtuyml4ppftcawnlfakaxhgwgevesggrke2g,593,60,250150,pool1ea34czsr90yc63fmv4gj4tetp7ds7c4jhpj6vqg4yw40wvygdl3
stake179penqfa4kgmk799avtuyml4ppftcawnlfakaxhgwgevesggrke2g,594,22,250172,pool1ea34czsr90yc63fmv4gj4tetp7ds7c4jhpj6vqg4yw40wvygdl3
stake179penqfa4kgmk799avtuyml4ppftcawnlfakaxhgwgevesggrke2g,595,55,250227,pool1ea34czsr90yc63fmv4gj4tetp7ds7c4jhpj6vqg4yw40wvygdl3
stake179penqfa4kgmk799avtuyml4ppftcawnlfakaxhgwgevesggrke2g,596,45,250272,pool1ea34czsr90yc63fmv4gj4tetp7ds7c4jhpj6vqg4yw40wvygdl3
stake179penqfa4kgmk799avtuyml4ppftcawnlfakaxhgwgevesggrke2g,597,35,250307,pool1ea34czsr90yc63fmv4gj4tetp7ds7c4jhpj6vqg4yw40wvygdl3
stake179penqfa4kgmk799avtuyml4ppftcawnlfakaxhgwgevesggrke2g,598,27,250334,pool1ea34czsr90yc63fmv4gj4tetp7ds7c4jhpj6vqg4yw40wvygdl3
stake179penqfa4kgmk799avtuyml4ppftcawnlfakaxhgwgevesggrke2g,599,62,250396,pool1ea34czsr90yc63fmv4gj4tetp7ds7c4jhpj6vqg4yw40wvygdl3
stake179penqfa4kgmk799avtuyml4ppftcawnlfakaxhgwgevesggrke2g,600,54,250450,pool1ea34czsr90yc63fmv4gj4tetp7ds7c4jhpj6vqg4yw40wvygdl3
stake179penqfa4kgmk799avtuyml4ppftcawnlfakaxhgwgevesggrke2g,601,313,250763,pool1ea34czsr90yc63fmv4gj4tetp7ds7c4jhpj6vqg4yw40wvygdl3
stake179penqfa4kgmk799avtuyml4ppftcawnlfakaxhgwgevesggrke2g,602,589,251352,pool1ea34czsr90yc63fmv4gj4tetp7ds7c4jhpj6vqg4yw40wvygdl3
stake179penqfa4kgmk799avtuyml4ppftcawnlfakaxhgwgevesggrke2g,603,346,251698,pool1ea34czsr90yc63fmv4gj4tetp7ds7c4jhpj6vqg4yw40wvygdl3
stake179penqfa4kgmk799avtuyml4ppftcawnlfakaxhgwgevesggrke2g,604,278,251976,pool1ea34czsr90yc63fmv4gj4tetp7ds7c4jhpj6vqg4yw40wvygdl3
stake179penqfa4kgmk799avtuyml4ppftcawnlfakaxhgwgevesggrke2g,605,903,252879,pool1ea34czsr90yc63fmv4gj4tetp7ds7c4jhpj6vqg4yw40wvygdl3
stake179penqfa4kgmk799avtuyml4ppftcawnlfakaxhgwgevesggrke2g,606,1086,253965,pool1ea34czsr90yc63fmv4gj4tetp7ds7c4jhpj6vqg4yw40wvygdl3
stake179penqfa4kgmk799avtuyml4ppftcawnlfakaxhgwgevesggrke2g,607,974,254939,pool1ea34czsr90yc63fmv4gj4tetp7ds7c4jhpj6vqg4yw40wvygdl3
stake179penqfa4kgmk799avtuyml4ppftcawnlfakaxhgwgevesggrke2g,608,320,255259,pool1ea34czsr90yc63fmv4gj4tetp7ds7c4jhpj6vqg4yw40wvygdl3
stake179penqfa4kgmk799avtuyml4ppftcawnlfakaxhgwgevesggrke2g,609,621,255880,pool1ea34czsr90yc63fmv4gj4tetp7ds7c4jhpj6vqg4yw40wvygdl3
stake179penqfa4kgmk799avtuyml4ppftcawnlfakaxhgwgevesggrke2g,610,472,256352,pool1ea34czsr90yc63fmv4gj4tetp7ds7c4jhpj6vqg4yw40wvygdl3
stake179penqfa4kgmk799avtuyml4ppftcawnlfakaxhgwgevesggrke2g,611,394,256746,pool1ea34czsr90yc63fmv4gj4tetp7ds7c4jhpj6vqg4yw40wvygdl3
stake179penqfa4kgmk799avtuyml4ppftcawnlfakaxhgwgevesggrke2g,612,635,257381,pool1ea34czsr90yc63fmv4gj4tetp7ds7c4jhpj6vqg4yw40wvygdl3
stake179penqfa4kgmk799avtuyml4ppftcawnlfakaxhgwgevesggrke2g,613,729,258110,pool1ea34czsr90yc63fmv4gj4tetp7ds7c4jhpj6vqg4yw40wvygdl3
stake179penqfa4kgmk799avtuyml4ppftcawnlfakaxhgwgevesggrke2g,614,683,258793,pool1ea34czsr90yc63fmv4gj4tetp7ds7c4jhpj6vqg4yw40wvygdl3
stake179penqfa4kgmk799avtuyml4ppftcawnlfakaxhgwgevesggrke2g,615,521,259314,pool1ea34czsr90yc63fmv4gj4tetp7ds7c4jhpj6vqg4yw40wvygdl3
stake179penqfa4kgmk799avtuyml4ppftcawnlfakaxhgwgevesggrke2g,616,526,259840,pool1ea34czsr90yc63fmv4gj4tetp7ds7c4jhpj6vqg4yw40wvygdl3
stake1ux7ppl339txknchp9j7zejs94g8yxt3aaejat22fsdzwf2ssw6paf,539,2043,2043,pool1ea34czsr90yc63fmv4gj4tetp7ds7c4jhpj6vqg4yw40wvygdl3
stake1ux7ppl339txknchp9j7zejs94g8yxt3aaejat22fsdzwf2ssw6paf,540,2362,4405,pool1ea34czsr90yc63fmv4gj4tetp7ds7c4jhpj6vqg4yw40wvygdl3
stake1ux7ppl339txknchp9j7zejs94g8yxt3aaejat22fsdzwf2ssw6paf,541,2034,6439,pool1ea34czsr90yc63fmv4gj4tetp7ds7c4jhpj6vqg4yw40wvygdl3
stake1ux7ppl339txknchp9j7zejs94g8yxt3aaejat22fsdzwf2ssw6paf,542,1412,7851,pool1ea34czsr90yc63fmv4gj4tetp7ds7c4jhpj6vqg4yw40wvygdl3
stake1ux7ppl339txknchp9j7zejs94g8yxt3aaejat22fsdzwf2ssw6paf,543,3265,11116,pool1ea34czsr90yc63fmv4gj4tetp7ds7c4jhpj6vqg4yw40wvygdl3
stake1ux7ppl339txknchp9j7zejs94g8yxt3aaejat22fsdzwf2ssw6paf,544,2864,13980,pool1ea34czsr90yc63fmv4gj4tetp7ds7c4jhpj6vqg4yw40wvygdl3
stake1ux7ppl339txknchp9j7zejs94g8yxt3aaejat22fsdzwf2ssw6paf,545,3426,17406,pool1ea34czsr90yc63fmv4gj4tetp7ds7c4jhpj6vqg4yw40wvygdl3
stake1ux7ppl339txknchp9j7zejs94g8yxt3aaejat22fsdzwf2ssw6paf,546,2811,20217,pool1ea34czsr90yc63fmv4gj4tetp7ds7c4jhpj6vqg4yw40wvygdl3
stake1ux7ppl339txknchp9j7zejs94g8yxt3aaejat22fsdzwf2ssw6paf,547,1335,21552,pool1ea34czsr90yc63fmv4gj4tetp7ds7c4jhpj6vqg4yw40wvygdl3
stake1ux7ppl339txknchp9j7zejs94g8yxt3aaejat22fsdzwf2ssw6paf,548,2221,23773,pool1ea34czsr90yc63fmv4gj4tetp7ds7c4jhpj6vqg4yw40wvygdl3
stake1ux7ppl339txknchp9j7zejs94g8yxt3aaejat22fsdzwf2ssw6paf,549,3086,26859,pool1ea34czsr90yc63fmv4gj4tetp7ds7c4jhpj6vqg4yw40wvygdl3
stake1ux7ppl339txknchp9j7zejs94g8yxt3aaejat22fsdzwf2ssw6paf,550,1321,28180,pool1ea34czsr90yc63fmv4gj4tetp7ds7c4jhpj6vqg4yw40wvygdl3
stake1ux7ppl339txknchp9j7zejs94g8yxt3aaejat22fsdzwf2ssw6paf,551,1893,30073,pool1ea34czsr90yc63fmv4gj4tetp7ds7c4jhpj6vqg4yw40wvygdl3
stake1ux7ppl339txknchp9j7zejs94g8yxt3aaejat22fsdzwf2ssw6paf,552,2743,32816,pool1ea34czsr90yc63fmv4gj4tetp7ds7c4jhpj6vqg4yw40wvygdl3
stake1ux7ppl339txknchp9j7zejs94g8yxt3aaejat22fsdzwf2ssw6paf,553,3598,36414,pool1ea34czsr90yc63fmv4gj4tetp7ds7c4jhpj6vqg4yw40wvygdl3
stake1ux7ppl339txknchp9j7zejs94g8yxt3aaejat22fsdzwf2ssw6paf,554,2246,38660,pool1ea34czsr90yc63fmv4gj4tetp7ds7c4jhpj6vqg4yw40wvygdl3
stake1ux7ppl339txknchp9j7zejs94g8yxt3aaejat22fsdzwf2ssw6paf,555,2861,41521,pool1ea34czsr90yc63fmv4gj4tetp7ds7c4jhpj6vqg4yw40wvygdl3
stake1ux7ppl339txknchp9j7zejs94g8yxt3aaejat22fsdzwf2ssw6paf,556,2547,44068,pool1ea34czsr90yc63fmv4gj4tetp7ds7c4jhpj6vqg4yw40wvygdl3
stake1ux7ppl339txknchp9j7zejs94g8yxt3aaejat22fsdzwf2ssw6paf,557,2236,46304,pool1ea34czsr90yc63fmv4gj4tetp7ds7c4jhpj6vqg4yw40wvygdl3
stake1ux7ppl339txknchp9j7zejs94g8yxt3aaejat22fsdzwf2ssw6paf,558,2233,48537,pool1ea34czsr90yc63fmv4gj4tetp7ds7c4jhpj6vqg4yw40wvygdl3
stake1ux7ppl339txknchp9j7zejs94g8yxt3aaejat22fsdzwf2ssw6paf,559,3998,52535,pool1ea34czsr90yc63fmv4gj4tetp7ds7c4jhpj6vqg4yw40wvygdl3
stake1ux7ppl339txknchp9j7zejs94g8yxt3aaejat22fsdzwf2ssw6paf,560,2223,54758,pool1ea34czsr90yc63fmv4gj4tetp7ds7c4jhpj6vqg4yw40wvygdl3
stake1ux7ppl339txknchp9j7zejs94g8yxt3aaejat22fsdzwf2ssw6paf,561,1922,56680,pool1ea34czsr90yc63fmv4gj4tetp7ds7c4jhpj6vqg4yw40wvygdl3
stake1ux7ppl339txknchp9j7zejs94g8yxt3aaejat22fsdzwf2ssw6paf,562,2211,58891,pool1ea34czsr90yc63fmv4gj4tetp7ds7c4jhpj6vqg4yw40wvygdl3
stake1ux7ppl339txknchp9j7zejs94g8yxt3aaejat22fsdzwf2ssw6paf,563,1901,60792,pool1ea34czsr90yc63fmv4gj4tetp7ds7c4jhpj6vqg4yw40wvygdl3
stake1ux7ppl339txknchp9j7zejs94g8yxt3aaejat22fsdzwf2ssw6paf,564,2183,62975,pool1ea34czsr90yc63fmv4gj4tetp7ds7c4jhpj6vqg4yw40wvygdl3
stake1ux7ppl339txknchp9j7zejs94g8yxt3aaejat22fsdzwf2ssw6paf,565,1888,64863,pool1ea34czsr90yc63fmv4gj4tetp7ds7c4jhpj6vqg4yw40wvygdl3
stake1ux7ppl339txknchp9j7zejs94g8yxt3aaejat22fsdzwf2ssw6paf,566,2449,67312,pool1ea34czsr90yc63fmv4gj4tetp7ds7c4jhpj6vqg4yw40wvygdl3
stake1ux7ppl339txknchp9j7zejs94g8yxt3aaejat22fsdzwf2ssw6paf,567,1011,68323,pool1ea34czsr90yc63fmv4gj4tetp7ds7c4jhpj6vqg4yw40wvygdl3
stake1ux7ppl339txknchp9j7zejs94g8yxt3aaejat22fsdzwf2ssw6paf,568,1290,69613,pool1ea34czsr90yc63fmv4gj4tetp7ds7c4jhpj6vqg4yw40wvygdl3
stake1ux7ppl339txknchp9j7zejs94g8yxt3aaejat22fsdzwf2ssw6paf,569,1845,71458,pool1ea34czsr90yc63fmv4gj4tetp7ds7c4jhpj6vqg4yw40wvygdl3
stake1ux7ppl339txknchp9j7zejs94g8yxt3aaejat22fsdzwf2ssw6paf,570,1851,73309,pool1ea34czsr90yc63fmv4gj4tetp7ds7c4jhpj6vqg4yw40wvygdl3
stake1ux7ppl339txknchp9j7zejs94g8yxt3aaejat22fsdzwf2ssw6paf,571,3819,77128,pool1ea34czsr90yc63fmv4gj4tetp7ds7c4jhpj6vqg4yw40wvygdl3
stake1ux7ppl339txknchp9j7zejs94g8yxt3aaejat22fsdzwf2ssw6paf,572,1270,78398,pool1ea34czsr90yc63fmv4gj4tetp7ds7c4jhpj6vqg4yw40wvygdl3
stake1ux7ppl339txknchp9j7zejs94g8yxt3aaejat22fsdzwf2ssw6paf,573,1542,79940,pool1ea34czsr90yc63fmv4gj4tetp7ds7c4jhpj6vqg4yw40wvygdl3
stake1ux7ppl339txknchp9j7zejs94g8yxt3aaejat22fsdzwf2ssw6paf,575,1824,81764,pool1ea34czsr90yc63fmv4gj4tetp7ds7c4jhpj6vqg4yw40wvygdl3
stake1ux7ppl339txknchp9j7zejs94g8yxt3aaejat22fsdzwf2ssw6paf,576,2376,84140,pool1ea34czsr90yc63fmv4gj4tetp7ds7c4jhpj6vqg4yw40wvygdl3
stake1ux7ppl339txknchp9j7zejs94g8yxt3aaejat22fsdzwf2ssw6paf,577,693,84833,pool1ea34czsr90yc63fmv4gj4tetp7ds7c4jhpj6vqg4yw40wvygdl3
stake1ux7ppl339txknchp9j7zejs94g8yxt3aaejat22fsdzwf2ssw6paf,578,2057,86890,pool1ea34czsr90yc63fmv4gj4tetp7ds7c4jhpj6vqg4yw40wvygdl3
stake1ux7ppl339txknchp9j7zejs94g8yxt3aaejat22fsdzwf2ssw6paf,579,1511,88401,pool1ea34czsr90yc63fmv4gj4tetp7ds7c4jhpj6vqg4yw40wvygdl3
stake1ux7ppl339txknchp9j7zejs94g8yxt3aaejat22fsdzwf2ssw6paf,580,1517,89918,pool1ea34czsr90yc63fmv4gj4tetp7ds7c4jhpj6vqg4yw40wvygdl3
stake1ux7ppl339txknchp9j7zejs94g8yxt3aaejat22fsdzwf2ssw6paf,581,691,90609,pool1ea34czsr90yc63fmv4gj4tetp7ds7c4jhpj6vqg4yw40wvygdl3
stake1ux7ppl339txknchp9j7zejs94g8yxt3aaejat22fsdzwf2ssw6paf,582,3712,94321,pool1ea34czsr90yc63fmv4gj4tetp7ds7c4jhpj6vqg4yw40wvygdl3
stake1ux7ppl339txknchp9j7zejs94g8yxt3aaejat22fsdzwf2ssw6paf,583,952,95273,pool1ea34czsr90yc63fmv4gj4tetp7ds7c4jhpj6vqg4yw40wvygdl3
stake1ux7ppl339txknchp9j7zejs94g8yxt3aaejat22fsdzwf2ssw6paf,584,1765,97038,pool1ea34czsr90yc63fmv4gj4tetp7ds7c4jhpj6vqg4yw40wvygdl3
stake1ux7ppl339txknchp9j7zejs94g8yxt3aaejat22fsdzwf2ssw6paf,585,2021,99059,pool1ea34czsr90yc63fmv4gj4tetp7ds7c4jhpj6vqg4yw40wvygdl3
stake1ux7ppl339txknchp9j7zejs94g8yxt3aaejat22fsdzwf2ssw6paf,586,1736,100795,pool1ea34czsr90yc63fmv4gj4tetp7ds7c4jhpj6vqg4yw40wvygdl3
stake1ux7ppl339txknchp9j7zejs94g8yxt3aaejat22fsdzwf2ssw6paf,587,1193,101988,pool1ea34czsr90yc63fmv4gj4tetp7ds7c4jhpj6vqg4yw40wvygdl3
stake1ux7ppl339txknchp9j7zejs94g8yxt3aaejat22fsdzwf2ssw6paf,588,1456,103444,pool1ea34czsr90yc63fmv4gj4tetp7ds7c4jhpj6vqg4yw40wvygdl3
stake1ux7ppl339txknchp9j7zejs94g8yxt3aaejat22fsdzwf2ssw6paf,589,2538,105982,pool1ea34czsr90yc63fmv4gj4tetp7ds7c4jhpj6vqg4yw40wvygdl3
stake1ux7ppl339txknchp9j7zejs94g8yxt3aaejat22fsdzwf2ssw6paf,590,1715,107697,pool1ea34czsr90yc63fmv4gj4tetp7ds7c4jhpj6vqg4yw40wvygdl3
stake1ux7ppl339txknchp9j7zejs94g8yxt3aaejat22fsdzwf2ssw6paf,591,655,108352,pool1ea34czsr90yc63fmv4gj4tetp7ds7c4jhpj6vqg4yw40wvygdl3
stake1ux7ppl339txknchp9j7zejs94g8yxt3aaejat22fsdzwf2ssw6paf,592,913,109265,pool1ea34czsr90yc63fmv4gj4tetp7ds7c4jhpj6vqg4yw40wvygdl3
stake1ux7ppl339txknchp9j7zejs94g8yxt3aaejat22fsdzwf2ssw6paf,593,1438,110703,pool1ea34czsr90yc63fmv4gj4tetp7ds7c4jhpj6vqg4yw40wvygdl3
stake1ux7ppl339txknchp9j7zejs94g8yxt3aaejat22fsdzwf2ssw6paf,594,647,111350,pool1ea34czsr90yc63fmv4gj4tetp7ds7c4jhpj6vqg4yw40wvygdl3
stake1ux7ppl339txknchp9j7zejs94g8yxt3aaejat22fsdzwf2ssw6paf,595,1691,113041,pool1ea34czsr90yc63fmv4gj4tetp7ds7c4jhpj6vqg4yw40wvygdl3
stake1ux7ppl339txknchp9j7zejs94g8yxt3aaejat22fsdzwf2ssw6paf,596,1432,114473,pool1ea34czsr90yc63fmv4gj4tetp7ds7c4jhpj6vqg4yw40wvygdl3
stake1ux7ppl339txknchp9j7zejs94g8yxt3aaejat22fsdzwf2ssw6paf,597,1149,115622,pool1ea34czsr90yc63fmv4gj4tetp7ds7c4jhpj6vqg4yw40wvygdl3
stake1ux7ppl339txknchp9j7zejs94g8yxt3aaejat22fsdzwf2ssw6paf,598,886,116508,pool1ea34czsr90yc63fmv4gj4tetp7ds7c4jhpj6vqg4yw40wvygdl3
stake1ux7ppl339txknchp9j7zejs94g8yxt3aaejat22fsdzwf2ssw6paf,599,1916,118424,pool1ea34czsr90yc63fmv4gj4tetp7ds7c4jhpj6vqg4yw40wvygdl3
stake1ux7ppl339txknchp9j7zejs94g8yxt3aaejat22fsdzwf2ssw6paf,600,1648,120072,pool1ea34czsr90yc63fmv4gj4tetp7ds7c4jhpj6vqg4yw40wvygdl3
stake1ux7ppl339txknchp9j7zejs94g8yxt3aaejat22fsdzwf2ssw6paf,601,900,120972,pool1ea34czsr90yc63fmv4gj4tetp7ds7c4jhpj6vqg4yw40wvygdl3
stake1ux7ppl339txknchp9j7zejs94g8yxt3aaejat22fsdzwf2ssw6paf,602,1726,122698,pool1ea34czsr90yc63fmv4gj4tetp7ds7c4jhpj6vqg4yw40wvygdl3
stake1ux7ppl339txknchp9j7zejs94g8yxt3aaejat22fsdzwf2ssw6paf,603,876,123574,pool1ea34czsr90yc63fmv4gj4tetp7ds7c4jhpj6vqg4yw40wvygdl3
stake1ux7ppl339txknchp9j7zejs94g8yxt3aaejat22fsdzwf2ssw6paf,604,665,124239,pool1ea34czsr90yc63fmv4gj4tetp7ds7c4jhpj6vqg4yw40wvygdl3
stake1ux7ppl339txknchp9j7zejs94g8yxt3aaejat22fsdzwf2ssw6paf,605,1951,126190,pool1ea34czsr90yc63fmv4gj4tetp7ds7c4jhpj6vqg4yw40wvygdl3
stake1ux7ppl339txknchp9j7zejs94g8yxt3aaejat22fsdzwf2ssw6paf,606,2534,128724,pool1ea34czsr90yc63fmv4gj4tetp7ds7c4jhpj6vqg4yw40wvygdl3
stake1ux7ppl339txknchp9j7zejs94g8yxt3aaejat22fsdzwf2ssw6paf,607,2642,131366,pool1ea34czsr90yc63fmv4gj4tetp7ds7c4jhpj6vqg4yw40wvygdl3
stake1ux7ppl339txknchp9j7zejs94g8yxt3aaejat22fsdzwf2ssw6paf,608,877,132243,pool1ea34czsr90yc63fmv4gj4tetp7ds7c4jhpj6vqg4yw40wvygdl3
stake1ux7ppl339txknchp9j7zejs94g8yxt3aaejat22fsdzwf2ssw6paf,609,1653,133896,pool1ea34czsr90yc63fmv4gj4tetp7ds7c4jhpj6vqg4yw40wvygdl3
stake1ux7ppl339txknchp9j7zejs94g8yxt3aaejat22fsdzwf2ssw6paf,610,1274,135170,pool1ea34czsr90yc63fmv4gj4tetp7ds7c4jhpj6vqg4yw40wvygdl3
stake1ux7ppl339txknchp9j7zejs94g8yxt3aaejat22fsdzwf2ssw6paf,611,1079,136249,pool1ea34czsr90yc63fmv4gj4tetp7ds7c4jhpj6vqg4yw40wvygdl3
stake1ux7ppl339txknchp9j7zejs94g8yxt3aaejat22fsdzwf2ssw6paf,612,1623,137872,pool1ea34czsr90yc63fmv4gj4tetp7ds7c4jhpj6vqg4yw40wvygdl3
stake1ux7ppl339txknchp9j7zejs94g8yxt3aaejat22fsdzwf2ssw6paf,613,1799,139671,pool1ea34czsr90yc63fmv4gj4tetp7ds7c4jhpj6vqg4yw40wvygdl3
stake1ux7ppl339txknchp9j7zejs94g8yxt3aaejat22fsdzwf2ssw6paf,614,1597,141268,pool1ea34czsr90yc63fmv4gj4tetp7ds7c4jhpj6vqg4yw40wvygdl3
stake1ux7ppl339txknchp9j7zejs94g8yxt3aaejat22fsdzwf2ssw6paf,615,1217,142485,pool1ea34czsr90yc63fmv4gj4tetp7ds7c4jhpj6vqg4yw40wvygdl3
stake1ux7ppl339txknchp9j7zejs94g8yxt3aaejat22fsdzwf2ssw6paf,616,1215,143700,pool1ea34czsr90yc63fmv4gj4tetp7ds7c4jhpj6vqg4yw40wvygdl3
stake1uy22xxwr0436nhxrmr626yp4y4xyqnvqy5kzvrtr3ls9d6gc3y95z,495,0,0,pool1c2wf97p3j9gfvfjshj99ufxerpy3aznm8tzr2fd0ua465s26th4
stake1uy22xxwr0436nhxrmr626yp4y4xyqnvqy5kzvrtr3ls9d6gc3y95z,496,0,0,pool1c2wf97p3j9gfvfjshj99ufxerpy3aznm8tzr2fd0ua465s26th4
stake1uy22xxwr0436nhxrmr626yp4y4xyqnvqy5kzvrtr3ls9d6gc3y95z,497,0,0,pool1c2wf97p3j9gfvfjshj99ufxerpy3aznm8tzr2fd0ua465s26th4
stake1uy22xxwr0436nhxrmr626yp4y4xyqnvqy5kzvrtr3ls9d6gc3y95z,498,0,0,pool1c2wf97p3j9gfvfjshj99ufxerpy3aznm8tzr2fd0ua465s26th4
stake1uy22xxwr0436nhxrmr626yp4y4xyqnvqy5kzvrtr3ls9d6gc3y95z,499,0,0,pool1c2wf97p3j9gfvfjshj99ufxerpy3aznm8tzr2fd0ua465s26th4
stake1uy22xxwr0436nhxrmr626yp4y4xyqnvqy5kzvrtr3ls9d6gc3y95z,500,0,0,pool1c2wf97p3j9gfvfjshj99ufxerpy3aznm8tzr2fd0ua465s26th4
stake1uy22xxwr0436nhxrmr626yp4y4xyqnvqy5kzvrtr3ls9d6gc3y95z,501,0,0,pool1c2wf97p3j9gfvfjshj99ufxerpy3aznm8tzr2fd0ua465s26th4
stake1uy22xxwr0436nhxrmr626yp4y4xyqnvqy5kzvrtr3ls9d6gc3y95z,502,0,0,pool1c2wf97p3j9gfvfjshj99ufxerpy3aznm8tzr2fd0ua465s26th4
stake1uy22xxwr0436nhxrmr626yp4y4xyqnvqy5kzvrtr3ls9d6gc3y95z,503,0,0,pool1c2wf97p3j9gfvfjshj99ufxerpy3aznm8tzr2fd0ua465s26th4
stake1uy22xxwr0436nhxrmr626yp4y4xyqnvqy5kzvrtr3ls9d6gc3y95z,504,6,6,pool1c2wf97p3j9gfvfjshj99ufxerpy3aznm8tzr2fd0ua465s26th4
stake1uy22xxwr0436nhxrmr626yp4y4xyqnvqy5kzvrtr3ls9d6gc3y95z,505,4,10,pool1c2wf97p3j9gfvfjshj99ufxerpy3aznm8tzr2fd0ua465s26th4
stake1uy22xxwr0436nhxrmr626yp4y4xyqnvqy5kzvrtr3ls9d6gc3y95z,506,13,23,pool1c2wf97p3j9gfvfjshj99ufxerpy3aznm8tzr2fd0ua465s26th4
stake1uy22xxwr0436nhxrmr626yp4y4xyqnvqy5kzvrtr3ls9d6gc3y95z,507,12,35,pool1c2wf97p3j9gfvfjshj99ufxerpy3aznm8tzr2fd0ua465s26th4
stake1uy22xxwr0436nhxrmr626yp4y4xyqnvqy5kzvrtr3ls9d6gc3y95z,508,15,50,pool1c2wf97p3j9gfvfjshj99ufxerpy3aznm8tzr2fd0ua465s26th4
stake1uy22xxwr0436nhxrmr626yp4y4xyqnvqy5kzvrtr3ls9d6gc3y95z,509,10,60,pool1c2wf97p3j9gfvfjshj99ufxerpy3aznm8tzr2fd0ua465s26th4
stake1uy22xxwr0436nhxrmr626yp4y4xyqnvqy5kzvrtr3ls9d6gc3y95z,510,0,60,pool1c2wf97p3j9gfvfjshj99ufxerpy3aznm8tzr2fd0ua465s26th4
stake1uy22xxwr0436nhxrmr626yp4y4xyqnvqy5kzvrtr3ls9d6gc3y95z,511,10,70,pool1c2wf97p3j9gfvfjshj99ufxerpy3aznm8tzr2fd0ua465s26th4
stake1uy22xxwr0436nhxrmr626yp4y4xyqnvqy5kzvrtr3ls9d6gc3y95z,512,12,82,pool1c2wf97p3j9gfvfjshj99ufxerpy3aznm8tzr2fd0ua465s26th4
stake1uy22xxwr0436nhxrmr626yp4y4xyqnvqy5kzvrtr3ls9d6gc3y95z,513,8,90,pool1c2wf97p3j9gfvfjshj99ufxerpy3aznm8tzr2fd0ua465s26th4
stake1uy22xxwr0436nhxrmr626yp4y4xyqnvqy5kzvrtr3ls9d6gc3y95z,514,5,95,pool1c2wf97p3j9gfvfjshj99ufxerpy3aznm8tzr2fd0ua465s26th4
stake1uy22xxwr0436nhxrmr626yp4y4xyqnvqy5kzvrtr3ls9d6gc3y95z,515,10,105,pool1c2wf97p3j9gfvfjshj99ufxerpy3aznm8tzr2fd0ua465s26th4
stake1uy22xxwr0436nhxrmr626yp4y4xyqnvqy5kzvrtr3ls9d6gc3y95z,516,11,116,pool1c2wf97p3j9gfvfjshj99ufxerpy3aznm8tzr2fd0ua465s26th4
stake1uy22xxwr0436nhxrmr626yp4y4xyqnvqy5kzvrtr3ls9d6gc3y95z,517,17,133,pool1c2wf97p3j9gfvfjshj99ufxerpy3aznm8tzr2fd0ua465s26th4
stake1uy22xxwr0436nhxrmr626yp4y4xyqnvqy5kzvrtr3ls9d6gc3y95z,518,16,149,pool1c2wf97p3j9gfvfjshj99ufxerpy3aznm8tzr2fd0ua465s26th4
stake1uy22xxwr0436nhxrmr626yp4y4xyqnvqy5kzvrtr3ls9d6gc3y95z,519,9,158,pool1c2wf97p3j9gfvfjshj99ufxerpy3aznm8tzr2fd0ua465s26th4
stake1uy22xxwr0436nhxrmr626yp4y4xyqnvqy5kzvrtr3ls9d6gc3y95z,520,12,170,pool1c2wf97p3j9gfvfjshj99ufxerpy3aznm8tzr2fd0ua465s26th4
stake1uy22xxwr0436nhxrmr626yp4y4xyqnvqy5kzvrtr3ls9d6gc3y95z,521,13,183,pool1c2wf97p3j9gfvfjshj99ufxerpy3aznm8tzr2fd0ua465s26th4
stake1uy22xxwr0436nhxrmr626yp4y4xyqnvqy5kzvrtr3ls9d6gc3y95z,522,19,202,pool1c2wf97p3j9gfvfjshj99ufxerpy3aznm8tzr2fd0ua465s26th4
stake1uy22xxwr0436nhxrmr626yp4y4xyqnvqy5kzvrtr3ls9d6gc3y95z,523,11,213,pool1c2wf97p3j9gfvfjshj99ufxerpy3aznm8tzr2fd0ua465s26th4
stake1uy22xxwr0436nhxrmr626yp4y4xyqnvqy5kzvrtr3ls9d6gc3y95z,524,8,221,pool1c2wf97p3j9gfvfjshj99ufxerpy3aznm8tzr2fd0ua465s26th4
stake1uy22xxwr0436nhxrmr626yp4y4xyqnvqy5kzvrtr3ls9d6gc3y95z,525,11,232,pool1c2wf97p3j9gfvfjshj99ufxerpy3aznm8tzr2fd0ua465s26th4
stake1uy22xxwr0436nhxrmr626yp4y4xyqnvqy5kzvrtr3ls9d6gc3y95z,526,19,251,pool1c2wf97p3j9gfvfjshj99ufxerpy3aznm8tzr2fd0ua465s26th4
stake1uy22xxwr0436nhxrmr626yp4y4xyqnvqy5kzvrtr3ls9d6gc3y95z,527,17,268,pool1c2wf97p3j9gfvfjshj99ufxerpy3aznm8tzr2fd0ua465s26th4
stake1uy22xxwr0436nhxrmr626yp4y4xyqnvqy5kzvrtr3ls9d6gc3y95z,528,20,288,pool1c2wf97p3j9gfvfjshj99ufxerpy3aznm8tzr2fd0ua465s26th4
stake1uy22xxwr0436nhxrmr626yp4y4xyqnvqy5kzvrtr3ls9d6gc3y95z,529,14,302,pool1c2wf97p3j9gfvfjshj99ufxerpy3aznm8tzr2fd0ua465s26th4
stake1uy22xxwr0436nhxrmr626yp4y4xyqnvqy5kzvrtr3ls9d6gc3y95z,530,26,328,pool1c2wf97p3j9gfvfjshj99ufxerpy3aznm8tzr2fd0ua465s26th4
stake1uy22xxwr0436nhxrmr626yp4y4xyqnvqy5kzvrtr3ls9d6gc3y95z,531,26,354,pool1c2wf97p3j9gfvfjshj99ufxerpy3aznm8tzr2fd0ua465s26th4
stake1uy22xxwr0436nhxrmr626yp4y4xyqnvqy5kzvrtr3ls9d6gc3y95z,532,51,405,pool1c2wf97p3j9gfvfjshj99ufxerpy3aznm8tzr2fd0ua465s26th4
stake1uy22xxwr0436nhxrmr626yp4y4xyqnvqy5kzvrtr3ls9d6gc3y95z,533,35,440,pool1c2wf97p3j9gfvfjshj99ufxerpy3aznm8tzr2fd0ua465s26th4
stake1uy22xxwr0436nhxrmr626yp4y4xyqnvqy5kzvrtr3ls9d6gc3y95z,534,33,473,pool1c2wf97p3j9gfvfjshj99ufxerpy3aznm8tzr2fd0ua465s26th4
stake1uy22xxwr0436nhxrmr626yp4y4xyqnvqy5kzvrtr3ls9d6gc3y95z,535,18,491,pool1c2wf97p3j9gfvfjshj99ufxerpy3aznm8tzr2fd0ua465s26th4
stake1uy22xxwr0436nhxrmr626yp4y4xyqnvqy5kzvrtr3ls9d6gc3y95z,536,31,522,pool1c2wf97p3j9gfvfjshj99ufxerpy3aznm8tzr2fd0ua465s26th4
stake1uy22xxwr0436nhxrmr626yp4y4xyqnvqy5kzvrtr3ls9d6gc3y95z,537,66,588,pool1c2wf97p3j9gfvfjshj99ufxerpy3aznm8tzr2fd0ua465s26th4
stake1uy22xxwr0436nhxrmr626yp4y4xyqnvqy5kzvrtr3ls9d6gc3y95z,538,72,660,pool1c2wf97p3j9gfvfjshj99ufxerpy3aznm8tzr2fd0ua465s26th4
stake1uy22xxwr0436nhxrmr626yp4y4xyqnvqy5kzvrtr3ls9d6gc3y95z,539,69,729,pool1c2wf97p3j9gfvfjshj99ufxerpy3aznm8tzr2fd0ua465s26th4
stake1uy22xxwr0436nhxrmr626yp4y4xyqnvqy5kzvrtr3ls9d6gc3y95z,540,75,804,pool1c2wf97p3j9gfvfjshj99ufxerpy3aznm8tzr2fd0ua465s26th4
stake1uy22xxwr0436nhxrmr626yp4y4xyqnvqy5kzvrtr3ls9d6gc3y95z,541,100,904,pool1c2wf97p3j9gfvfjshj99ufxerpy3aznm8tzr2fd0ua465s26th4
stake1uy22xxwr0436nhxrmr626yp4y4xyqnvqy5kzvrtr3ls9d6gc3y95z,542,79,983,pool1c2wf97p3j9gfvfjshj99ufxerpy3aznm8tzr2fd0ua465s26th4
stake1uy22xxwr0436nhxrmr626yp4y4xyqnvqy5kzvrtr3ls9d6gc3y95z,543,96,1079,pool1c2wf97p3j9gfvfjshj99ufxerpy3aznm8tzr2fd0ua465s26th4
stake1uy22xxwr0436nhxrmr626yp4y4xyqnvqy5kzvrtr3ls9d6gc3y95z,544,80,1159,pool1c2wf97p3j9gfvfjshj99ufxerpy3aznm8tzr2fd0ua465s26th4
stake1uy22xxwr0436nhxrmr626yp4y4xyqnvqy5kzvrtr3ls9d6gc3y95z,545,65,1224,pool1c2wf97p3j9gfvfjshj99ufxerpy3aznm8tzr2fd0ua465s26th4
stake1uy22xxwr0436nhxrmr626yp4y4xyqnvqy5kzvrtr3ls9d6gc3y95z,546,88,1312,pool1c2wf97p3j9gfvfjshj99ufxerpy3aznm8tzr2fd0ua465s26th4
stake1uy22xxwr0436nhxrmr626yp4y4xyqnvqy5kzvrtr3ls9d6gc3y95z,547,102,1414,pool1c2wf97p3j9gfvfjshj99ufxerpy3aznm8tzr2fd0ua465s26th4
stake1uy22xxwr0436nhxrmr626yp4y4xyqnvqy5kzvrtr3ls9d6gc3y95z,548,137,1551,pool1c2wf97p3j9gfvfjshj99ufxerpy3aznm8tzr2fd0ua465s26th4
stake1uy22xxwr0436nhxrmr626yp4y4xyqnvqy5kzvrtr3ls9d6gc3y95z,549,85,1636,pool1c2wf97p3j9gfvfjshj99ufxerpy3aznm8tzr2fd0ua465s26th4
stake1uy22xxwr0436nhxrmr626yp4y4xyqnvqy5kzvrtr3ls9d6gc3y95z,550,125,1761,pool1c2wf97p3j9gfvfjshj99ufxerpy3aznm8tzr2fd0ua465s26th4
stake1uy22xxwr0436nhxrmr626yp4y4xyqnvqy5kzvrtr3ls9d6gc3y95z,551,105,1866,pool1c2wf97p3j9gfvfjshj99ufxerpy3aznm8tzr2fd0ua465s26th4
stake1uy22xxwr0436nhxrmr626yp4y4xyqnvqy5kzvrtr3ls9d6gc3y95z,552,90,1956,pool1c2wf97p3j9gfvfjshj99ufxerpy3aznm8tzr2fd0ua465s26th4
stake1uy22xxwr0436nhxrmr626yp4y4xyqnvqy5kzvrtr3ls9d6gc3y95z,553,82,2038,pool1c2wf97p3j9gfvfjshj99ufxerpy3aznm8tzr2fd0ua465s26th4
stake1uy22xxwr0436nhxrmr626yp4y4xyqnvqy5kzvrtr3ls9d6gc3y95z,554,130,2168,pool1c2wf97p3j9gfvfjshj99ufxerpy3aznm8tzr2fd0ua465s26th4
stake1uy22xxwr0436nhxrmr626yp4y4xyqnvqy5kzvrtr3ls9d6gc3y95z,555,145,2313,pool1c2wf97p3j9gfvfjshj99ufxerpy3aznm8tzr2fd0ua465s26th4
stake1uy22xxwr0436nhxrmr626yp4y4xyqnvqy5kzvrtr3ls9d6gc3y95z,556,124,2437,pool1c2wf97p3j9gfvfjshj99ufxerpy3aznm8tzr2fd0ua465s26th4
stake1uy22xxwr0436nhxrmr626yp4y4xyqnvqy5kzvrtr3ls9d6gc3y95z,557,117,2554,pool1c2wf97p3j9gfvfjshj99ufxerpy3aznm8tzr2fd0ua465s26th4
stake1uy22xxwr0436nhxrmr626yp4y4xyqnvqy5kzvrtr3ls9d6gc3y95z,558,173,2727,pool1c2wf97p3j9gfvfjshj99ufxerpy3aznm8tzr2fd0ua465s26th4
stake1uy22xxwr0436nhxrmr626yp4y4xyqnvqy5kzvrtr3ls9d6gc3y95z,559,124,2851,pool1c2wf97p3j9gfvfjshj99ufxerpy3aznm8tzr2fd0ua465s26th4
stake1uy22xxwr0436nhxrmr626yp4y4xyqnvqy5kzvrtr3ls9d6gc3y95z,560,121,2972,pool1c2wf97p3j9gfvfjshj99ufxerpy3aznm8tzr2fd0ua465s26th4
stake1uy22xxwr0436nhxrmr626yp4y4xyqnvqy5kzvrtr3ls9d6gc3y95z,561,121,3093,pool1c2wf97p3j9gfvfjshj99ufxerpy3aznm8tzr2fd0ua465s26th4
stake1uy22xxwr0436nhxrmr626yp4y4xyqnvqy5kzvrtr3ls9d6gc3y95z,562,148,3241,pool1c2wf97p3j9gfvfjshj99ufxerpy3aznm8tzr2fd0ua465s26th4
stake1uy22xxwr0436nhxrmr626yp4y4xyqnvqy5kzvrtr3ls9d6gc3y95z,563,130,3371,pool1c2wf97p3j9gfvfjshj99ufxerpy3aznm8tzr2fd0ua465s26th4
stake1uy22xxwr0436nhxrmr626yp4y4xyqnvqy5kzvrtr3ls9d6gc3y95z,564,181,3552,pool1c2wf97p3j9gfvfjshj99ufxerpy3aznm8tzr2fd0ua465s26th4
stake1uy22xxwr0436nhxrmr626yp4y4xyqnvqy5kzvrtr3ls9d6gc3y95z,565,84,3636,pool1c2wf97p3j9gfvfjshj99ufxerpy3aznm8tzr2fd0ua465s26th4
stake1uy22xxwr0436nhxrmr626yp4y4xyqnvqy5kzvrtr3ls9d6gc3y95z,566,135,3771,pool1c2wf97p3j9gfvfjshj99ufxerpy3aznm8tzr2fd0ua465s26th4
stake1uy22xxwr0436nhxrmr626yp4y4xyqnvqy5kzvrtr3ls9d6gc3y95z,567,133,3904,pool1c2wf97p3j9gfvfjshj99ufxerpy3aznm8tzr2fd0ua465s26th4
stake1uy22xxwr0436nhxrmr626yp4y4xyqnvqy5kzvrtr3ls9d6gc3y95z,568,129,4033,pool1c2wf97p3j9gfvfjshj99ufxerpy3aznm8tzr2fd0ua465s26th4
stake1uy22xxwr0436nhxrmr626yp4y4xyqnvqy5kzvrtr3ls9d6gc3y95z,569,132,4165,pool1c2wf97p3j9gfvfjshj99ufxerpy3aznm8tzr2fd0ua465s26th4
stake1uy22xxwr0436nhxrmr626yp4y4xyqnvqy5kzvrtr3ls9d6gc3y95z,570,133,4298,pool1c2wf97p3j9gfvfjshj99ufxerpy3aznm8tzr2fd0ua465s26th4
stake1uy22xxwr0436nhxrmr626yp4y4xyqnvqy5kzvrtr3ls9d6gc3y95z,571,114,4412,pool1c2wf97p3j9gfvfjshj99ufxerpy3aznm8tzr2fd0ua465s26th4
stake1uy22xxwr0436nhxrmr626yp4y4xyqnvqy5kzvrtr3ls9d6gc3y95z,572,116,4528,pool1c2wf97p3j9gfvfjshj99ufxerpy3aznm8tzr2fd0ua465s26th4
stake1uy22xxwr0436nhxrmr626yp4y4xyqnvqy5kzvrtr3ls9d6gc3y95z,573,140,4668,pool1c2wf97p3j9gfvfjshj99ufxerpy3aznm8tzr2fd0ua465s26th4
stake1uy22xxwr0436nhxrmr626yp4y4xyqnvqy5kzvrtr3ls9d6gc3y95z,574,129,4797,pool1c2wf97p3j9gfvfjshj99ufxerpy3aznm8tzr2fd0ua465s26th4
stake1uy22xxwr0436nhxrmr626yp4y4xyqnvqy5kzvrtr3ls9d6gc3y95z,575,118,4915,pool1c2wf97p3j9gfvfjshj99ufxerpy3aznm8tzr2fd0ua465s26th4
stake1uy22xxwr0436nhxrmr626yp4y4xyqnvqy5kzvrtr3ls9d6gc3y95z,576,119,5034,pool1c2wf97p3j9gfvfjshj99ufxerpy3aznm8tzr2fd0ua465s26th4
stake1uy22xxwr0436nhxrmr626yp4y4xyqnvqy5kzvrtr3ls9d6gc3y95z,577,156,5190,pool1c2wf97p3j9gfvfjshj99ufxerpy3aznm8tzr2fd0ua465s26th4
stake1uy22xxwr0436nhxrmr626yp4y4xyqnvqy5kzvrtr3ls9d6gc3y95z,578,135,5325,pool1c2wf97p3j9gfvfjshj99ufxerpy3aznm8tzr2fd0ua465s26th4
stake1uy22xxwr0436nhxrmr626yp4y4xyqnvqy5kzvrtr3ls9d6gc3y95z,579,104,5429,pool1c2wf97p3j9gfvfjshj99ufxerpy3aznm8tzr2fd0ua465s26th4
stake1uy22xxwr0436nhxrmr626yp4y4xyqnvqy5kzvrtr3ls9d6gc3y95z,580,103,5532,pool1c2wf97p3j9gfvfjshj99ufxerpy3aznm8tzr2fd0ua465s26th4
stake1uy22xxwr0436nhxrmr626yp4y4xyqnvqy5kzvrtr3ls9d6gc3y95z,581,112,5644,pool1c2wf97p3j9gfvfjshj99ufxerpy3aznm8tzr2fd0ua465s26th4
stake1uy22xxwr0436nhxrmr626yp4y4xyqnvqy5kzvrtr3ls9d6gc3y95z,582,112,5756,pool1c2wf97p3j9gfvfjshj99ufxerpy3aznm8tzr2fd0ua465s26th4
stake1uy22xxwr0436nhxrmr626yp4y4xyqnvqy5kzvrtr3ls9d6gc3y95z,583,112,5868,pool1c2wf97p3j9gfvfjshj99ufxerpy3aznm8tzr2fd0ua465s26th4
stake1uy22xxwr0436nhxrmr626yp4y4xyqnvqy5kzvrtr3ls9d6gc3y95z,584,119,5987,pool1c2wf97p3j9gfvfjshj99ufxerpy3aznm8tzr2fd0ua465s26th4
stake1uy22xxwr0436nhxrmr626yp4y4xyqnvqy5kzvrtr3ls9d6gc3y95z,585,102,6089,pool1c2wf97p3j9gfvfjshj99ufxerpy3aznm8tzr2fd0ua465s26th4
stake1uy22xxwr0436nhxrmr626yp4y4xyqnvqy5kzvrtr3ls9d6gc3y95z,586,152,6241,pool1c2wf97p3j9gfvfjshj99ufxerpy3aznm8tzr2fd0ua465s26th4
stake1uy22xxwr0436nhxrmr626yp4y4xyqnvqy5kzvrtr3ls9d6gc3y95z,587,146,6387,pool1c2wf97p3j9gfvfjshj99ufxerpy3aznm8tzr2fd0ua465s26th4
stake1uy22xxwr0436nhxrmr626yp4y4xyqnvqy5kzvrtr3ls9d6gc3y95z,588,148,6535,pool1c2wf97p3j9gfvfjshj99ufxerpy3aznm8tzr2fd0ua465s26th4
stake1uy22xxwr0436nhxrmr626yp4y4xyqnvqy5kzvrtr3ls9d6gc3y95z,589,129,6664,pool1c2wf97p3j9gfvfjshj99ufxerpy3aznm8tzr2fd0ua465s26th4
stake1uy22xxwr0436nhxrmr626yp4y4xyqnvqy5kzvrtr3ls9d6gc3y95z,590,136,6800,pool1c2wf97p3j9gfvfjshj99ufxerpy3aznm8tzr2fd0ua465s26th4
stake1uy22xxwr0436nhxrmr626yp4y4xyqnvqy5kzvrtr3ls9d6gc3y95z,591,105,6905,pool1c2wf97p3j9gfvfjshj99ufxerpy3aznm8tzr2fd0ua465s26th4
stake1uy22xxwr0436nhxrmr626yp4y4xyqnvqy5kzvrtr3ls9d6gc3y95z,592,127,7032,pool1c2wf97p3j9gfvfjshj99ufxerpy3aznm8tzr2fd0ua465s26th4
stake1uy22xxwr0436nhxrmr626yp4y4xyqnvqy5kzvrtr3ls9d6gc3y95z,593,127,7159,pool1c2wf97p3j9gfvfjshj99ufxerpy3aznm8tzr2fd0ua465s26th4
stake1uy22xxwr0436nhxrmr626yp4y4xyqnvqy5kzvrtr3ls9d6gc3y95z,594,120,7279,pool1c2wf97p3j9gfvfjshj99ufxerpy3aznm8tzr2fd0ua465s26th4
stake1uy22xxwr0436nhxrmr626yp4y4xyqnvqy5kzvrtr3ls9d6gc3y95z,595,119,7398,pool1c2wf97p3j9gfvfjshj99ufxerpy3aznm8tzr2fd0ua465s26th4
stake1uy22xxwr0436nhxrmr626yp4y4xyqnvqy5kzvrtr3ls9d6gc3y95z,596,136,7534,pool1c2wf97p3j9gfvfjshj99ufxerpy3aznm8tzr2fd0ua465s26th4
stake1uy22xxwr0436nhxrmr626yp4y4xyqnvqy5kzvrtr3ls9d6gc3y95z,597,164,7698,pool1lu2luhmkyayq9njh848kfknn6evwzmn3gzsxar7z3sttg7grxcm
stake1uy22xxwr0436nhxrmr626yp4y4xyqnvqy5kzvrtr3ls9d6gc3y95z,598,170,7868,pool1lu2luhmkyayq9njh848kfknn6evwzmn3gzsxar7z3sttg7grxcm
stake1uy22xxwr0436nhxrmr626yp4y4xyqnvqy5kzvrtr3ls9d6gc3y95z,599,121,7989,pool1lu2luhmkyayq9njh848kfknn6evwzmn3gzsxar7z3sttg7grxcm
stake1uy22xxwr0436nhxrmr626yp4y4xyqnvqy5kzvrtr3ls9d6gc3y95z,601,77,8066,pool1lu2luhmkyayq9njh848kfknn6evwzmn3gzsxar7z3sttg7grxcm
stake1uy22xxwr0436nhxrmr626yp4y4xyqnvqy5kzvrtr3ls9d6gc3y95z,602,257,8323,pool1lu2luhmkyayq9njh848kfknn6evwzmn3gzsxar7z3sttg7grxcm
stake1uy22xxwr0436nhxrmr626yp4y4xyqnvqy5kzvrtr3ls9d6gc3y95z,604,267,8590,pool1lu2luhmkyayq9njh848kfknn6evwzmn3gzsxar7z3sttg7grxcm
stake1uy22xxwr0436nhxrmr626yp4y4xyqnvqy5kzvrtr3ls9d6gc3y95z,605,246,8836,pool1lu2luhmkyayq9njh848kfknn6evwzmn3gzsxar7z3sttg7grxcm
stake1uy22xxwr0436nhxrmr626yp4y4xyqnvqy5kzvrtr3ls9d6gc3y95z,606,224,9060,pool1lu2luhmkyayq9njh848kfknn6evwzmn3gzsxar7z3sttg7grxcm
stake1uy22xxwr0436nhxrmr626yp4y4xyqnvqy5kzvrtr3ls9d6gc3y95z,607,272,9332,pool1lu2luhmkyayq9njh848kfknn6evwzmn3gzsxar7z3sttg7grxcm
stake1uy22xxwr0436nhxrmr626yp4y4xyqnvqy5kzvrtr3ls9d6gc3y95z,608,269,9601,pool1lu2luhmkyayq9njh848kfknn6evwzmn3gzsxar7z3sttg7grxcm
stake1uy22xxwr0436nhxrmr626yp4y4xyqnvqy5kzvrtr3ls9d6gc3y95z,609,311,9912,pool1lu2luhmkyayq9njh848kfknn6evwzmn3gzsxar7z3sttg7grxcm
stake1uy22xxwr0436nhxrmr626yp4y4xyqnvqy5kzvrtr3ls9d6gc3y95z,610,244,10156,pool1lu2luhmkyayq9njh848kfknn6evwzmn3gzsxar7z3sttg7grxcm
stake1uy22xxwr0436nhxrmr626yp4y4xyqnvqy5kzvrtr3ls9d6gc3y95z,611,267,10423,pool1lu2luhmkyayq9njh848kfknn6evwzmn3gzsxar7z3sttg7grxcm
stake1uy22xxwr0436nhxrmr626yp4y4xyqnvqy5kzvrtr3ls9d6gc3y95z,612,208,10631,pool1lu2luhmkyayq9njh848kfknn6evwzmn3gzsxar7z3sttg7grxcm
stake1uy22xxwr0436nhxrmr626yp4y4xyqnvqy5kzvrtr3ls9d6gc3y95z,613,215,10846,pool1lu2luhmkyayq9njh848kfknn6evwzmn3gzsxar7z3sttg7grxcm
stake1uy22xxwr0436nhxrmr626yp4y4xyqnvqy5kzvrtr3ls9d6gc3y95z,614,296,11142,pool1lu2luhmkyayq9njh848kfknn6evwzmn3gzsxar7z3sttg7grxcm
stake1uy22xxwr0436nhxrmr626yp4y4xyqnvqy5kzvrtr3ls9d6gc3y95z,615,284,11426,pool1lu2luhmkyayq9njh848kfknn6evwzmn3gzsxar7z3sttg7grxcm
stake1uy22xxwr0436nhxrmr626yp4y4xyqnvqy5kzvrtr3ls9d6gc3y95z,616,303,11729,pool1lu2luhmkyayq9njh848kfknn6evwzmn3gzsxar7z3sttg7grxcm
stake1uxuqr63t8nya7ny4efpdj54q2d77twlfvpkefrjumngunrst8tgtg,601,347,347,pool19m547w9wkcqm5hcstz67fly4ucz0zsp3dqv4n956xyusy4dlpue
stake1uxuqr63t8nya7ny4efpdj54q2d77twlfvpkefrjumngunrst8tgtg,602,647,994,pool19m547w9wkcqm5hcstz67fly4ucz0zsp3dqv4n956xyusy4dlpue
stake1uxuqr63t8nya7ny4efpdj54q2d77twlfvpkefrjumngunrst8tgtg,603,629,1623,pool19m547w9wkcqm5hcstz67fly4ucz0zsp3dqv4n956xyusy4dlpue
stake1uxuqr63t8nya7ny4efpdj54q2d77twlfvpkefrjumngunrst8tgtg,605,274,1897,pool19m547w9wkcqm5hcstz67fly4ucz0zsp3dqv4n956xyusy4dlpue
stake1uxuqr63t8nya7ny4efpdj54q2d77twlfvpkefrjumngunrst8tgtg,606,391,2288,pool19m547w9wkcqm5hcstz67fly4ucz0zsp3dqv4n956xyusy4dlpue
stake1uxuqr63t8nya7ny4efpdj54q2d77twlfvpkefrjumngunrst8tgtg,607,226,2514,pool19m547w9wkcqm5hcstz67fly4ucz0zsp3dqv4n956xyusy4dlpue
stake1uxuqr63t8nya7ny4efpdj54q2d77twlfvpkefrjumngunrst8tgtg,608,107,2621,pool19m547w9wkcqm5hcstz67fly4ucz0zsp3dqv4n956xyusy4dlpue
stake1uxuqr63t8nya7ny4efpdj54q2d77twlfvpkefrjumngunrst8tgtg,609,108,2729,pool19m547w9wkcqm5hcstz67fly4ucz0zsp3dqv4n956xyusy4dlpue
stake1uxuqr63t8nya7ny4efpdj54q2d77twlfvpkefrjumngunrst8tgtg,610,224,2953,pool19m547w9wkcqm5hcstz67fly4ucz0zsp3dqv4n956xyusy4dlpue
stake1uxuqr63t8nya7ny4efpdj54q2d77twlfvpkefrjumngunrst8tgtg,611,110,3063,pool19m547w9wkcqm5hcstz67fly4ucz0zsp3dqv4n956xyusy4dlpue
stake1uxuqr63t8nya7ny4efpdj54q2d77twlfvpkefrjumngunrst8tgtg,612,691,3754,pool19m547w9wkcqm5hcstz67fly4ucz0zsp3dqv4n956xyusy4dlpue
stake1uxuqr63t8nya7ny4efpdj54q2d77twlfvpkefrjumngunrst8tgtg,613,707,4461,pool19m547w9wkcqm5hcstz67fly4ucz0zsp3dqv4n956xyusy4dlpue
stake1uxuqr63t8nya7ny4efpdj54q2d77twlfvpkefrjumngunrst8tgtg,614,237,4698,pool19m547w9wkcqm5hcstz67fly4ucz0zsp3dqv4n956xyusy4dlpue
stake1uxuqr63t8nya7ny4efpdj54q2d77twlfvpkefrjumngunrst8tgtg,615,361,5059,pool19m547w9wkcqm5hcstz67fly4ucz0zsp3dqv4n956xyusy4dlpue